Sections:
00: ".text" (0-145C)


Source: "videocore.s"
                            	     1: #-------------------------------------------------------------------------
                            	     2: # VideoCore IV implementation of RGBtoHDMI
                            	     3: # (c) IanB Nov 2021
                            	     4: #-------------------------------------------------------------------------
                            	     5: 
                            	     6: #https://github.com/hermanhermitage/videocoreiv/wiki/VideoCore-IV-Programmers-Manual#interrupts
                            	     7: #https://github.com/librerpi/rpi-open-firmware/blob/master/docs/interrupts.txt
                            	     8: 
                            	     9: .equ INTERRUPTS, 0
                            	    10: 
                            	    11: .equ IC0_BASE,  0x7e002000
                            	    12: .equ IC1_BASE,  0x7e002800
                            	    13: 
                            	    14: .equ IC_MASK_BASE, 0x10
                            	    15: .equ IC_GPIO_INT0_MASK6, IC_MASK_BASE + (6 * 4)
                            	    16: .equ IC_GPIO_INT0_MASK_BITS, 0x000000f0
                            	    17: 
                            	    18: # GPIO registers
                            	    19: 
                            	    20: .equ GPU_COMMAND,          0x7e0000a0  #use MBOX0-MBOX7 for ARM communications
                            	    21: .equ GPU_DATA_BUFFER_0,    0x7e0000a4
                            	    22: .equ GPU_DATA_BUFFER_1,    0x7e0000a8
                            	    23: .equ GPU_DATA_BUFFER_2,    0x7e0000ac
                            	    24: .equ GPU_DATA_BUFFER_3,    0x7e0000b0
                            	    25: .equ GPU_DATA_BUFFER_4,    0x7e0000b4
                            	    26: .equ GPU_DATA_BUFFER_5,    0x7e0000b8
                            	    27: .equ GPU_DATA_BUFFER_5,    0x7e0000bc
                            	    28: 
                            	    29: .equ GPU_COMMAND_offset,   0
                            	    30: .equ DATA_BUFFER_0_offset, 4
                            	    31: .equ DATA_BUFFER_1_offset, 8
                            	    32: .equ DATA_BUFFER_2_offset, 12
                            	    33: .equ DATA_BUFFER_3_offset, 16
                            	    34: .equ DATA_BUFFER_4_offset, 20
                            	    35: .equ DATA_BUFFER_5_offset, 24
                            	    36: .equ DATA_BUFFER_6_offset, 28
                            	    37: 
                            	    38: .equ GPLEV0,            0x7e200034
                            	    39: .equ GPEDS0,            0x7e200040
                            	    40: .equ GPREN0,            0x7e20004c #0x7e20007c #
                            	    41: .equ GPFEN0,            0x7e200058 #0x7e200088 #
                            	    42: 
                            	    43: .equ PLLD_FRAC,         0x7e102240
                            	    44: .equ CM_PASSWORD,       0x5a000000
                            	    45: 
                            	    46: .equ SMI_BASE,      	0x7e600010
                            	    47: #.equ SMI_BASE,      	0xc8800000
                            	    48: 
                            	    49: .equ SMI_CTRL,      	0x00
                            	    50: .equ SMI_CTRL_BIT_RUN,  0
                            	    51: .equ SMI_CTRL_BIT_PLL_0, 1
                            	    52: .equ SMI_CTRL_BIT_PLL_1, 2
                            	    53: .equ SMI_CTRL_BIT_DMA,  3
                            	    54: .equ SMI_CTRL_BIT_MONO_LEFT,  4
                            	    55: .equ SMI_CTRL_BIT_MONO_RIGHT, 5
                            	    56: 
                            	    57: .equ SMI_STATUS,      	0x04
                            	    58: .equ SMI_STATUS_BIT_RUNNING,   0
                            	    59: 
                            	    60: .equ SMI_DEFAULT_PLLDFRAC, 8
                            	    61: .equ SMI_BUFFER_START, 12
                            	    62: .equ SMI_BUFFER_END, 16
                            	    63: .equ SMI_ERROR_COUNT, 20
                            	    64: .equ SMI_DROP_REPEAT_COUNT, 24
                            	    65: .equ SMI_DMA_OFFSET, 28
                            	    66: 
                            	    67: .equ DMA0POINTER,       0x7e00700C
                            	    68: 
                            	    69: .equ HDMI_MAI_DATA_BUS, 0x7E808020        # pi 4 = 0x7EF2001C
                            	    70: .equ HD_MAI_CTL,        0x7e808014
                            	    71: 
                            	    72: .equ HD_MAI_CTL_RST_MAI,  0
                            	    73: .equ HD_MAI_CTL_ERRORF,   1
                            	    74: .equ HD_MAI_CTL_ERRORE,   2
                            	    75: .equ HD_MAI_CTL_ENABLE,   3
                            	    76: .equ HD_MAI_CTL_CHNUM,    4
                            	    77: .equ HD_MAI_CTL_PAREN,    8
                            	    78: .equ HD_MAI_CTL_FLUSH,    9
                            	    79: .equ HD_MAI_CTL_EMPTY,	 10
                            	    80: .equ HD_MAI_CTL_FULL,    11
                            	    81: .equ HD_MAI_CTL_WHOLSMP, 12
                            	    82: .equ HD_MAI_CTL_CHALIGN, 13
                            	    83: .equ HD_MAI_CTL_BUSY,    14
                            	    84: .equ HD_MAI_CTL_DLATE,   15
                            	    85: 
                            	    86: .equ PLL_OFFSET_SLOW, 0x02
                            	    87: .equ PLL_OFFSET_FAST, 0x20
                            	    88: 
                            	    89: .equ MAX_DMA_DRIFT, 112
                            	    90: .equ MAX_DMA_DRIFT_ERROR, 144
                            	    91: 
                            	    92: .equ REPEAT_22Khz, 0
                            	    93: 
                            	    94: .equ CLOCK_BIT,       15 #GPIO clock bit (RxD)
                            	    95: .equ LOG_FRAME_ERROR, 25
                            	    96: #.equ PLL_SET_LOW_2, 26
                            	    97: #.equ PLL_SET_HIGH_2, 27
                            	    98: #.equ PLL_SET_LOW_1, 28
                            	    99: #.equ PLL_SET_HIGH_1, 29
                            	   100: .equ DROP_SAMPLE, 30
                            	   101: .equ REPEAT_SAMPLE, 31
                            	   102: 
                            	   103: .equ SYNC_CHECK_RATE, 192
                            	   104: .equ BUFFER_CHECK_COUNT, SYNC_CHECK_RATE * 2
                            	   105: 
                            	   106: 
                            	   107: 
                            	   108: .equ IEC958_FRAMES_PER_BLOCK,     192
                            	   109: .equ PLL_LOOP_COUNT, IEC958_FRAMES_PER_BLOCK * 8
                            	   110: .equ IEC958_STATUS_BYTES,         5
                            	   111: .equ IEC958_B_FRAME_PREAMBLE,     0x0f # 0x08 in linux and 0x0f in circle
                            	   112: 
                            	   113: #flag bits  31,30, 17,16 15,14 1,0
                            	   114: .equ FINAL_BIT,            31             #signal if this sample word is the last
                            	   115: #bit 30 is second copy of ALT_MUX_BIT
                            	   116: .equ PSYNC_BIT,            17             #alternates on each full 6 word buffer
                            	   117: .equ ODD_EVEN_BIT_HI,      16             #signal if low or high 16 bit sample is to be used
                            	   118: #bit 15 unused
                            	   119: .equ ALT_MUX_BIT,          14             #moved version of MUX bit also at bit position 30
                            	   120: .equ ODD_EVEN_BIT_LO,      0              #signal if low or high 16 bit sample is to be used
                            	   121: 
                            	   122: .equ DEFAULT_BIT_STATE,    0x00020001     #FINAL_BIT=0, PSYNC_BIT=1, ODD_EVEN_BIT_HI=0, ODD_EVEN_BIT_LO=1
                            	   123: 
                            	   124: #GPIO bits
                            	   125: .equ MUX_BIT,              24             #video input on MUX bit for FFOSD
                            	   126: .equ SYNC_BIT,             23             #sync input
                            	   127: .equ VIDEO_MASK,           0x3ffc         #12bit GPIO mask
                            	   128: 
                            	   129: #command bits
                            	   130: .equ TERMINATE_FLAG,       31
                            	   131: .equ SYNC_ABORT_FLAG,      30
                            	   132: #bits 20-22 are simple sync type
                            	   133: .equ LEADING_SYNC_FLAG,    16
                            	   134: .equ SIMPLE_SYNC_FLAG,     15
                            	   135: .equ HIGH_LATENCY_FLAG,    14
                            	   136: .equ OLD_FIRMWARE_FLAG,    13
                            	   137: 
                            	   138: .equ COMMAND_MASK,         0x00000fff     #masks out command bits that trigger sync detection
                            	   139: #macros
                            	   140: 
                            	   141: .macro    USE_NOP
                            	   142: nop
                            	   143: nop
                            	   144: nop
                            	   145: 
                            	   146: .endm
                            	   147: 
                            	   148: .macro LO_PSYNC_CAPTURE
                            	   149: wait_psync_lo\@:
                            	   150:    ld     r0, (r4)
                            	   151:    USE_NOP
                            	   152:    btst   r0, PSYNC_BIT
                            	   153:    bne    wait_psync_lo\@
                            	   154:    btst   r0, MUX_BIT
                            	   155:    and    r0, r6
                            	   156:    bsetne r0, ALT_MUX_BIT  #move mux bit to position in 16 bit sample
                            	   157:    sub    r3, 1
                            	   158:    or     r0, r2           #merge bit state
                            	   159: .endm
                            	   160: 
                            	   161: .macro HI_PSYNC_CAPTURE
                            	   162: wait_psync_hi\@:
                            	   163:    ld     r1, (r4)
                            	   164:    USE_NOP
                            	   165:    btst   r1, PSYNC_BIT
                            	   166:    beq    wait_psync_hi\@
                            	   167:    btst   r1, MUX_BIT
                            	   168:    and    r1, r6
                            	   169:    bsetne r1, ALT_MUX_BIT  #move mux bit to position in 16 bit sample
                            	   170:    lsl    r1, 16           #merge lo and hi samples
                            	   171:    cmp    r3, 0
                            	   172:    or     r0, r1
                            	   173: .endm
                            	   174: 
                            	   175: 
                            	   176: .macro OFW_LO_PSYNC_CAPTURE
                            	   177: wait_psync_lo\@:
                            	   178:    ld     r0, (r4)
                            	   179:    USE_NOP
                            	   180:    btst   r0, PSYNC_BIT
                            	   181:    bne    wait_psync_lo\@
                            	   182:    ld     r0, (r4)
                            	   183:    btst   r0, MUX_BIT
                            	   184:    and    r0, r6
                            	   185:    bsetne r0, ALT_MUX_BIT  #move mux bit to position in 16 bit sample
                            	   186:    sub    r3, 1
                            	   187:    or     r0, r2           #merge bit state
                            	   188: .endm
                            	   189: 
                            	   190: .macro OFW_HI_PSYNC_CAPTURE
                            	   191: wait_psync_hi\@:
                            	   192:    ld     r1, (r4)
                            	   193:    USE_NOP
                            	   194:    btst   r1, PSYNC_BIT
                            	   195:    beq    wait_psync_hi\@
                            	   196:    ld     r1, (r4)
                            	   197:    btst   r1, MUX_BIT
                            	   198:    and    r1, r6
                            	   199:    bsetne r1, ALT_MUX_BIT  #move mux bit to position in 16 bit sample
                            	   200:    lsl    r1, 16           #merge lo and hi samples
                            	   201:    cmp    r3, 0
                            	   202:    or     r0, r1
                            	   203: .endm
                            	   204: 
                            	   205: 
                            	   206: .macro HL_LO_PSYNC_CAPTURE
                            	   207: wait_psync_lo\@:
                            	   208:    ld     r0, (r4)
                            	   209:    USE_NOP
                            	   210:    btst   r0, PSYNC_BIT
                            	   211:    bne    wait_psync_lo\@
                            	   212:    btst   r0, MUX_BIT
                            	   213:    and    r0, r6
                            	   214:    bsetne r0, ALT_MUX_BIT  #move mux bit to position in 16 bit sample
                            	   215: 
                            	   216: .endm
                            	   217: 
                            	   218: .macro HL_HI_PSYNC_CAPTURE
                            	   219: wait_psync_hi\@:
                            	   220:    ld     r1, (r4)
                            	   221:    USE_NOP
                            	   222:    btst   r1, PSYNC_BIT
                            	   223:    beq    wait_psync_hi\@
                            	   224:    btst   r1, MUX_BIT
                            	   225:    and    r1, r6
                            	   226:    bsetne r1, ALT_MUX_BIT  #move mux bit to position in 16 bit sample
                            	   227:    lsl    r1, 16           #merge lo and hi samples
                            	   228:    or     r0, r1
                            	   229: .endm
                            	   230: 
                            	   231: 
                            	   232: .macro EDGE_DETECT
                            	   233: waitPSE\@:
                            	   234:    ld     r0, (r4)
                            	   235:    USE_NOP
                            	   236:    eor    r0, r2
                            	   237:    btst   r0, PSYNC_BIT
                            	   238:    bne    waitPSE\@
                            	   239:    eor    r0, r2       #restore r0 value
                            	   240:    bchg   r2, PSYNC_BIT
                            	   241: .endm
                            	   242: 
                            	   243: code_start:
                            	   244: # main code entry point starts at 0 offset
00:00000000 0500            	   245:    di
00:00000002 0A1F            	   246:    b vpu0
                            	   247: 
                            	   248: # vpu1 code entry point starts at 0x10 offset
                            	   249:    .align 4
00:00000010 0500            	   250:    di
00:00000012 009E2704        	   251:    b vpu1
                            	   252: 
                            	   253: 
                            	   254: 
                            	   255: 
                            	   256: .if INTERRUPTS
                            	   257: #interrupt starts at 0x20 offset
                            	   258:    .align 4
                            	   259: vpu1_interrupt:
                            	   260:    # Acknowledge the interrupt
                            	   261:    # ld     r27, (GPEDS0-GPLEV0)(r4)
                            	   262:    mov    r27, (1 << CLOCK_BIT)
                            	   263:    st     r27, (GPEDS0-GPLEV0)(r4)
                            	   264:    ld     r27, (r4)
                            	   265:    bset   r27, 31
                            	   266:    rti
                            	   267: .endif
                            	   268: 
                            	   269: vpu0:
00:00000016 106A            	   270:    cmp    r0, 1
00:00000018 8D18            	   271:    bne    not_gpio_read_benchmark
00:0000001A 02E8A0860100    	   272:    mov    r2, 100000
00:00000020 01E83400207E    	   273:    mov    r1, GPLEV0
                            	   274: read_bench_loop:
00:00000026 1308            	   275:    ld     r3, (r1)  #read gpio
00:00000028 1266            	   276:    sub    r2, 1
00:0000002A 026A            	   277:    cmp    r2, 0
00:0000002C FD18            	   278:    bne    read_bench_loop
00:0000002E 0400            	   279:    ei
00:00000030 5A00            	   280:    rts
                            	   281: 
                            	   282: not_gpio_read_benchmark:
00:00000032 206A            	   283:    cmp    r0, 2
00:00000034 9018            	   284:    bne    not_mbox_write_benchmark
00:00000036 02E8A0860100    	   285:    mov    r2, 100000
00:0000003C 01E8BC00007E    	   286:    mov    r1, GPU_DATA_BUFFER_5
00:00000042 0360            	   287:    mov    r3, 0
                            	   288: write_bench_loop:
00:00000044 1309            	   289:    st     r3, (r1)  #write to mbox
00:00000046 1266            	   290:    sub    r2, 1
00:00000048 026A            	   291:    cmp    r2, 0
00:0000004A FD18            	   292:    bne    write_bench_loop
00:0000004C 0400            	   293:    ei
00:0000004E 5A00            	   294:    rts
                            	   295: 
                            	   296: exit:
00:00000050 0400            	   297:    ei
00:00000052 0F03            	   298:    pop   r0-r15,pc
                            	   299: 
                            	   300: not_mbox_write_benchmark:
00:00000054 8F03            	   301:    push   r0-r15,lr
00:00000056 04E83400207E    	   302:    mov    r4, GPLEV0
00:0000005C 05E8A000007E    	   303:    mov    r5, GPU_COMMAND
00:00000062 06E8FC3F0000    	   304:    mov    r6, VIDEO_MASK
00:00000068 07E8FF0F0000    	   305:    mov    r7, COMMAND_MASK
00:0000006E 08E801000200    	   306:    mov    r8, DEFAULT_BIT_STATE
00:00000074 0C60            	   307:    mov    r12, 0                       # remains at zero for rest of the code
00:00000076 1D60            	   308:    mov    r13, 1                       # remains at 1 for rest of the code
00:00000078 5C31            	   309:    st     r12, DATA_BUFFER_0_offset(r5)
00:0000007A 5C32            	   310:    st     r12, DATA_BUFFER_1_offset(r5)
00:0000007C 5C33            	   311:    st     r12, DATA_BUFFER_2_offset(r5)
00:0000007E 5C34            	   312:    st     r12, DATA_BUFFER_3_offset(r5)
00:00000080 5C35            	   313:    st     r12, DATA_BUFFER_4_offset(r5)
00:00000082 5C36            	   314:    st     r12, DATA_BUFFER_5_offset(r5)
00:00000084 5C37            	   315:    st     r12, DATA_BUFFER_6_offset(r5)
                            	   316: 
                            	   317: wait_for_command:
00:00000086 5021            	   318:    ld     r0, DATA_BUFFER_0_offset(r5)
00:00000088 5122            	   319:    ld     r1, DATA_BUFFER_1_offset(r5)
00:0000008A 5223            	   320:    ld     r2, DATA_BUFFER_2_offset(r5)
00:0000008C 5324            	   321:    ld     r3, DATA_BUFFER_3_offset(r5)
00:0000008E 5925            	   322:    ld     r9, DATA_BUFFER_4_offset(r5)
00:00000090 5A26            	   323:    ld     r10, DATA_BUFFER_5_offset(r5)
00:00000092 5B27            	   324:    ld     r11, DATA_BUFFER_6_offset(r5)
00:00000094 5C30            	   325:    st     r12, GPU_COMMAND_offset(r5)    #set command register to 0
00:00000096 F071            	   326:    bset   r0, FINAL_BIT
00:00000098 F171            	   327:    bset   r1, FINAL_BIT
00:0000009A F271            	   328:    bset   r2, FINAL_BIT
00:0000009C F371            	   329:    bset   r3, FINAL_BIT
00:0000009E F971            	   330:    bset   r9, FINAL_BIT
00:000000A0 FA71            	   331:    bset   r10, FINAL_BIT
00:000000A2 FB71            	   332:    bset   r11, FINAL_BIT
00:000000A4 5031            	   333:    st     r0, DATA_BUFFER_0_offset(r5)
00:000000A6 5132            	   334:    st     r1, DATA_BUFFER_1_offset(r5)
00:000000A8 5233            	   335:    st     r2, DATA_BUFFER_2_offset(r5)
00:000000AA 5334            	   336:    st     r3, DATA_BUFFER_3_offset(r5)
00:000000AC 5935            	   337:    st     r9, DATA_BUFFER_4_offset(r5)
00:000000AE 5A36            	   338:    st     r10, DATA_BUFFER_5_offset(r5)
00:000000B0 5B37            	   339:    st     r11, DATA_BUFFER_6_offset(r5)
                            	   340: 
00:000000B2 8240            	   341:    mov    r2, r8                        #set the default state of the control bits
                            	   342: 
                            	   343: wait_for_command_loop:
00:000000B4 0100            	   344:    nop    #some idle time to reduce continuous polling of register
00:000000B6 5320            	   345:    ld     r3, GPU_COMMAND_offset(r5)
00:000000B8 0100            	   346:    nop
00:000000BA 036A            	   347:    cmp    r3, 0
00:000000BC 0100            	   348:    nop
00:000000BE 7B18            	   349:    beq    wait_for_command_loop
00:000000C0 F36D            	   350:    btst   r3, TERMINATE_FLAG
00:000000C2 C718            	   351:    bne    exit
00:000000C4 E36D            	   352:    btst   r3, SYNC_ABORT_FLAG
00:000000C6 E018            	   353:    bne    wait_for_command
00:000000C8 F36C            	   354:    btst   r3, SIMPLE_SYNC_FLAG                   #bit signals bits 20-22 are a sync command
00:000000CA 00908800        	   355:    beq    do_capture
00:000000CE 3140            	   356:    mov    r1, r3
00:000000D0 417B            	   357:    lsr    r1, 20
00:000000D2 E1C0470F        	   358:    and    r1, 0x07
                            	   359: 
                            	   360:    #simple mode sync detection, enters with PSYNC_BIT set in r2
00:000000D6 016A            	   361:    cmp    r1, 0
00:000000D8 00904B00        	   362:    beq    edge_trail_neg
00:000000DC 116A            	   363:    cmp    r1, 1
00:000000DE 3218            	   364:    beq    edge_lead_neg
00:000000E0 1273            	   365:    bclr   r2, PSYNC_BIT             #only +ve edge (inverted later)
00:000000E2 216A            	   366:    cmp    r1, 2
00:000000E4 00904500        	   367:    beq    edge_trail_pos
00:000000E8 316A            	   368:    cmp    r1, 3
00:000000EA 2C18            	   369:    beq    edge_lead_pos
00:000000EC 416A            	   370:    cmp    r1, 4
00:000000EE 1118            	   371:    beq    edge_trail_both
00:000000F0 516A            	   372:    cmp    r1, 5
00:000000F2 CA18            	   373:    bne    wait_for_command
                            	   374:    #if here then edge_lead_both
                            	   375: 
                            	   376: edge_lead_both:
                            	   377:    EDGE_DETECT
                            	     1M waitPSE1:
00:000000F4 4008            	     2M    ld     r0, (r4)
                            	     3M    USE_NOP
00:000000F6 0100            	     1M nop
00:000000F8 0100            	     2M nop
00:000000FA 0100            	     3M nop
                            	     4M 
00:000000FC 2045            	     4M    eor    r0, r2
00:000000FE 106D            	     5M    btst   r0, PSYNC_BIT
00:00000100 FA18            	     6M    bne    waitPSE1
00:00000102 2045            	     7M    eor    r0, r2       #restore r0 value
00:00000104 1275            	     8M    bchg   r2, PSYNC_BIT
00:00000106 706D            	   378:    btst   r0, SYNC_BIT
00:00000108 F618            	   379:    bne    edge_lead_both
00:0000010A 5D31            	   380:    st     r13, DATA_BUFFER_0_offset(r5)   #lsbit flags sync detected
00:0000010C 009E5A00        	   381:    b      done_simple_sync
                            	   382: 
                            	   383: edge_trail_both:
                            	   384:    EDGE_DETECT
                            	     1M waitPSE3:
00:00000110 4008            	     2M    ld     r0, (r4)
                            	     3M    USE_NOP
00:00000112 0100            	     1M nop
00:00000114 0100            	     2M nop
00:00000116 0100            	     3M nop
                            	     4M 
00:00000118 2045            	     4M    eor    r0, r2
00:0000011A 106D            	     5M    btst   r0, PSYNC_BIT
00:0000011C FA18            	     6M    bne    waitPSE3
00:0000011E 2045            	     7M    eor    r0, r2       #restore r0 value
00:00000120 1275            	     8M    bchg   r2, PSYNC_BIT
00:00000122 706D            	   385:    btst   r0, SYNC_BIT
00:00000124 F618            	   386:    bne    edge_trail_both
00:00000126 5D31            	   387:    st     r13, DATA_BUFFER_0_offset(r5)   #lsbit flags sync detected
                            	   388: edge_trail_both_hi:
                            	   389:    EDGE_DETECT
                            	     1M waitPSE5:
00:00000128 4008            	     2M    ld     r0, (r4)
                            	     3M    USE_NOP
00:0000012A 0100            	     1M nop
00:0000012C 0100            	     2M nop
00:0000012E 0100            	     3M nop
                            	     4M 
00:00000130 2045            	     4M    eor    r0, r2
00:00000132 106D            	     5M    btst   r0, PSYNC_BIT
00:00000134 FA18            	     6M    bne    waitPSE5
00:00000136 2045            	     7M    eor    r0, r2       #restore r0 value
00:00000138 1275            	     8M    bchg   r2, PSYNC_BIT
00:0000013A 706D            	   390:    btst   r0, SYNC_BIT
00:0000013C 7618            	   391:    beq    edge_trail_both_hi
00:0000013E 009E4100        	   392:    b      done_simple_sync
                            	   393: 
                            	   394: edge_lead_neg:
                            	   395: edge_lead_pos:
                            	   396:    #incoming psync state controls edge
                            	   397: wait_csync_lo2:
                            	   398:    EDGE_DETECT
                            	     1M waitPSE7:
00:00000142 4008            	     2M    ld     r0, (r4)
                            	     3M    USE_NOP
00:00000144 0100            	     1M nop
00:00000146 0100            	     2M nop
00:00000148 0100            	     3M nop
                            	     4M 
00:0000014A 2045            	     4M    eor    r0, r2
00:0000014C 106D            	     5M    btst   r0, PSYNC_BIT
00:0000014E FA18            	     6M    bne    waitPSE7
00:00000150 2045            	     7M    eor    r0, r2       #restore r0 value
00:00000152 1275            	     8M    bchg   r2, PSYNC_BIT
                            	   399:    EDGE_DETECT
                            	     1M waitPSE9:
00:00000154 4008            	     2M    ld     r0, (r4)
                            	     3M    USE_NOP
00:00000156 0100            	     1M nop
00:00000158 0100            	     2M nop
00:0000015A 0100            	     3M nop
                            	     4M 
00:0000015C 2045            	     4M    eor    r0, r2
00:0000015E 106D            	     5M    btst   r0, PSYNC_BIT
00:00000160 FA18            	     6M    bne    waitPSE9
00:00000162 2045            	     7M    eor    r0, r2       #restore r0 value
00:00000164 1275            	     8M    bchg   r2, PSYNC_BIT
00:00000166 706D            	   400:    btst   r0, SYNC_BIT
00:00000168 ED18            	   401:    bne    wait_csync_lo2
00:0000016A 5D31            	   402:    st     r13, DATA_BUFFER_0_offset(r5)   #lsbit flags sync detected
00:0000016C 2A1F            	   403:    b      done_simple_sync
                            	   404: 
                            	   405: edge_trail_neg:
                            	   406: edge_trail_pos:
                            	   407:    #incoming psync state controls edge *** this one used by amiga
                            	   408: wait_csync_lo:
                            	   409:    EDGE_DETECT
                            	     1M waitPSE11:
00:0000016E 4008            	     2M    ld     r0, (r4)
                            	     3M    USE_NOP
00:00000170 0100            	     1M nop
00:00000172 0100            	     2M nop
00:00000174 0100            	     3M nop
                            	     4M 
00:00000176 2045            	     4M    eor    r0, r2
00:00000178 106D            	     5M    btst   r0, PSYNC_BIT
00:0000017A FA18            	     6M    bne    waitPSE11
00:0000017C 2045            	     7M    eor    r0, r2       #restore r0 value
00:0000017E 1275            	     8M    bchg   r2, PSYNC_BIT
                            	   410:    EDGE_DETECT
                            	     1M waitPSE13:
00:00000180 4008            	     2M    ld     r0, (r4)
                            	     3M    USE_NOP
00:00000182 0100            	     1M nop
00:00000184 0100            	     2M nop
00:00000186 0100            	     3M nop
                            	     4M 
00:00000188 2045            	     4M    eor    r0, r2
00:0000018A 106D            	     5M    btst   r0, PSYNC_BIT
00:0000018C FA18            	     6M    bne    waitPSE13
00:0000018E 2045            	     7M    eor    r0, r2       #restore r0 value
00:00000190 1275            	     8M    bchg   r2, PSYNC_BIT
00:00000192 706D            	   411:    btst   r0, SYNC_BIT
00:00000194 ED18            	   412:    bne    wait_csync_lo
00:00000196 5D31            	   413:    st     r13, DATA_BUFFER_0_offset(r5)   #lsbit flags sync detected
                            	   414: wait_csync_hi:
                            	   415:    EDGE_DETECT
                            	     1M waitPSE15:
00:00000198 4008            	     2M    ld     r0, (r4)
                            	     3M    USE_NOP
00:0000019A 0100            	     1M nop
00:0000019C 0100            	     2M nop
00:0000019E 0100            	     3M nop
                            	     4M 
00:000001A0 2045            	     4M    eor    r0, r2
00:000001A2 106D            	     5M    btst   r0, PSYNC_BIT
00:000001A4 FA18            	     6M    bne    waitPSE15
00:000001A6 2045            	     7M    eor    r0, r2       #restore r0 value
00:000001A8 1275            	     8M    bchg   r2, PSYNC_BIT
                            	   416:    EDGE_DETECT
                            	     1M waitPSE17:
00:000001AA 4008            	     2M    ld     r0, (r4)
                            	     3M    USE_NOP
00:000001AC 0100            	     1M nop
00:000001AE 0100            	     2M nop
00:000001B0 0100            	     3M nop
                            	     4M 
00:000001B2 2045            	     4M    eor    r0, r2
00:000001B4 106D            	     5M    btst   r0, PSYNC_BIT
00:000001B6 FA18            	     6M    bne    waitPSE17
00:000001B8 2045            	     7M    eor    r0, r2       #restore r0 value
00:000001BA 1275            	     8M    bchg   r2, PSYNC_BIT
00:000001BC 706D            	   417:    btst   r0, SYNC_BIT
00:000001BE 6D18            	   418:    beq    wait_csync_hi
                            	   419: 
                            	   420: done_simple_sync:
00:000001C0 126D            	   421:    btst   r2, PSYNC_BIT
00:000001C2 8A18            	   422:    bne    no_compensate_psync
                            	   423:    EDGE_DETECT           #have to compensate because capture hard coded to always start on same edge
                            	     1M waitPSE19:
00:000001C4 4008            	     2M    ld     r0, (r4)
                            	     3M    USE_NOP
00:000001C6 0100            	     1M nop
00:000001C8 0100            	     2M nop
00:000001CA 0100            	     3M nop
                            	     4M 
00:000001CC 2045            	     4M    eor    r0, r2
00:000001CE 106D            	     5M    btst   r0, PSYNC_BIT
00:000001D0 FA18            	     6M    bne    waitPSE19
00:000001D2 2045            	     7M    eor    r0, r2       #restore r0 value
00:000001D4 1275            	     8M    bchg   r2, PSYNC_BIT
                            	   424: no_compensate_psync:
00:000001D6 8240            	   425:    mov    r2, r8         #set the default state of the control bits
00:000001D8 181F            	   426:    b      capture_rest
                            	   427: 
                            	   428: do_capture:
00:000001DA D36C            	   429:    btst   r3, OLD_FIRMWARE_FLAG         #bit signals old firmware capture, requires double reads as psync not pipelined
00:000001DC 0091E300        	   430:    bne    ofw_capture
                            	   431: 
                            	   432: wait_csync_lo_cpld:
00:000001E0 5020            	   433:    ld     r0, GPU_COMMAND_offset(r5)
00:000001E2 E06D            	   434:    btst   r0, SYNC_ABORT_FLAG
00:000001E4 9218            	   435:    bne    capture_rest
00:000001E6 4008            	   436:    ld     r0, (r4)
                            	   437:    USE_NOP
00:000001E8 0100            	     1M nop
00:000001EA 0100            	     2M nop
00:000001EC 0100            	     3M nop
                            	     4M 
00:000001EE 706D            	   438:    btst   r0, SYNC_BIT
00:000001F0 F818            	   439:    bne    wait_csync_lo_cpld
                            	   440: 
00:000001F2 036D            	   441:    btst   r3, LEADING_SYNC_FLAG
00:000001F4 8A18            	   442:    bne    capture_rest
                            	   443: 
                            	   444: wait_csync_hi_cpld:
00:000001F6 5020            	   445:    ld     r0, GPU_COMMAND_offset(r5)
00:000001F8 E06D            	   446:    btst   r0, SYNC_ABORT_FLAG
00:000001FA 8718            	   447:    bne    capture_rest
00:000001FC 4008            	   448:    ld     r0, (r4)
                            	   449:    USE_NOP
00:000001FE 0100            	     1M nop
00:00000200 0100            	     2M nop
00:00000202 0100            	     3M nop
                            	     4M 
00:00000204 706D            	   450:    btst   r0, SYNC_BIT
00:00000206 7818            	   451:    beq    wait_csync_hi_cpld
                            	   452: 
                            	   453: capture_rest:
00:00000208 E36C            	   454:    btst   r3, HIGH_LATENCY_FLAG         #bit signals high latency capture, only suitable for 9/12bpp modes
00:0000020A 0091D901        	   455:    bne    hl_capture
                            	   456: 
00:0000020E 7347            	   457:    and    r3, r7         #mask off any command bits (max capture is 4095 psync cycles)
00:00000210 1362            	   458:    add    r3, 1          #round up to multiple of 2
00:00000212 137A            	   459:    lsr    r3, 1          #divide by 2 as capturing 2 samples per cycle
                            	   460: 
                            	   461: capture_loop:
                            	   462:    LO_PSYNC_CAPTURE
                            	     1M wait_psync_lo23:
00:00000214 4008            	     2M    ld     r0, (r4)
                            	     3M    USE_NOP
00:00000216 0100            	     1M nop
00:00000218 0100            	     2M nop
00:0000021A 0100            	     3M nop
                            	     4M 
00:0000021C 106D            	     4M    btst   r0, PSYNC_BIT
00:0000021E FB18            	     5M    bne    wait_psync_lo23
00:00000220 806D            	     6M    btst   r0, MUX_BIT
00:00000222 6047            	     7M    and    r0, r6
00:00000224 00C2CE00        	     8M    bsetne r0, ALT_MUX_BIT  #move mux bit to position in 16 bit sample
00:00000228 1366            	     9M    sub    r3, 1
00:0000022A 204D            	    10M    or     r0, r2           #merge bit state
                            	   463:    HI_PSYNC_CAPTURE
                            	     1M wait_psync_hi25:
00:0000022C 4108            	     2M    ld     r1, (r4)
                            	     3M    USE_NOP
00:0000022E 0100            	     1M nop
00:00000230 0100            	     2M nop
00:00000232 0100            	     3M nop
                            	     4M 
00:00000234 116D            	     4M    btst   r1, PSYNC_BIT
00:00000236 7B18            	     5M    beq    wait_psync_hi25
00:00000238 816D            	     6M    btst   r1, MUX_BIT
00:0000023A 6147            	     7M    and    r1, r6
00:0000023C 01C2CE08        	     8M    bsetne r1, ALT_MUX_BIT  #move mux bit to position in 16 bit sample
00:00000240 017D            	     9M    lsl    r1, 16           #merge lo and hi samples
00:00000242 036A            	    10M    cmp    r3, 0
00:00000244 104D            	    11M    or     r0, r1
                            	   464: 
00:00000246 5031            	   465:    st     r0, DATA_BUFFER_0_offset(r5)
00:00000248 7F901FFF        	   466:    beq    wait_for_command
                            	   467: 
                            	   468:    LO_PSYNC_CAPTURE
                            	     1M wait_psync_lo27:
00:0000024C 4008            	     2M    ld     r0, (r4)
                            	     3M    USE_NOP
00:0000024E 0100            	     1M nop
00:00000250 0100            	     2M nop
00:00000252 0100            	     3M nop
                            	     4M 
00:00000254 106D            	     4M    btst   r0, PSYNC_BIT
00:00000256 FB18            	     5M    bne    wait_psync_lo27
00:00000258 806D            	     6M    btst   r0, MUX_BIT
00:0000025A 6047            	     7M    and    r0, r6
00:0000025C 00C2CE00        	     8M    bsetne r0, ALT_MUX_BIT  #move mux bit to position in 16 bit sample
00:00000260 1366            	     9M    sub    r3, 1
00:00000262 204D            	    10M    or     r0, r2           #merge bit state
                            	   469:    HI_PSYNC_CAPTURE
                            	     1M wait_psync_hi29:
00:00000264 4108            	     2M    ld     r1, (r4)
                            	     3M    USE_NOP
00:00000266 0100            	     1M nop
00:00000268 0100            	     2M nop
00:0000026A 0100            	     3M nop
                            	     4M 
00:0000026C 116D            	     4M    btst   r1, PSYNC_BIT
00:0000026E 7B18            	     5M    beq    wait_psync_hi29
00:00000270 816D            	     6M    btst   r1, MUX_BIT
00:00000272 6147            	     7M    and    r1, r6
00:00000274 01C2CE08        	     8M    bsetne r1, ALT_MUX_BIT  #move mux bit to position in 16 bit sample
00:00000278 017D            	     9M    lsl    r1, 16           #merge lo and hi samples
00:0000027A 036A            	    10M    cmp    r3, 0
00:0000027C 104D            	    11M    or     r0, r1
                            	   470: 
00:0000027E 5032            	   471:    st     r0, DATA_BUFFER_1_offset(r5)
00:00000280 7F9003FF        	   472:    beq    wait_for_command
                            	   473: 
                            	   474:    LO_PSYNC_CAPTURE
                            	     1M wait_psync_lo31:
00:00000284 4008            	     2M    ld     r0, (r4)
                            	     3M    USE_NOP
00:00000286 0100            	     1M nop
00:00000288 0100            	     2M nop
00:0000028A 0100            	     3M nop
                            	     4M 
00:0000028C 106D            	     4M    btst   r0, PSYNC_BIT
00:0000028E FB18            	     5M    bne    wait_psync_lo31
00:00000290 806D            	     6M    btst   r0, MUX_BIT
00:00000292 6047            	     7M    and    r0, r6
00:00000294 00C2CE00        	     8M    bsetne r0, ALT_MUX_BIT  #move mux bit to position in 16 bit sample
00:00000298 1366            	     9M    sub    r3, 1
00:0000029A 204D            	    10M    or     r0, r2           #merge bit state
                            	   475:    HI_PSYNC_CAPTURE
                            	     1M wait_psync_hi33:
00:0000029C 4108            	     2M    ld     r1, (r4)
                            	     3M    USE_NOP
00:0000029E 0100            	     1M nop
00:000002A0 0100            	     2M nop
00:000002A2 0100            	     3M nop
                            	     4M 
00:000002A4 116D            	     4M    btst   r1, PSYNC_BIT
00:000002A6 7B18            	     5M    beq    wait_psync_hi33
00:000002A8 816D            	     6M    btst   r1, MUX_BIT
00:000002AA 6147            	     7M    and    r1, r6
00:000002AC 01C2CE08        	     8M    bsetne r1, ALT_MUX_BIT  #move mux bit to position in 16 bit sample
00:000002B0 017D            	     9M    lsl    r1, 16           #merge lo and hi samples
00:000002B2 036A            	    10M    cmp    r3, 0
00:000002B4 104D            	    11M    or     r0, r1
                            	   476: 
00:000002B6 5033            	   477:    st     r0, DATA_BUFFER_2_offset(r5)
00:000002B8 7F90E7FE        	   478:    beq    wait_for_command
                            	   479: 
                            	   480:    LO_PSYNC_CAPTURE
                            	     1M wait_psync_lo35:
00:000002BC 4008            	     2M    ld     r0, (r4)
                            	     3M    USE_NOP
00:000002BE 0100            	     1M nop
00:000002C0 0100            	     2M nop
00:000002C2 0100            	     3M nop
                            	     4M 
00:000002C4 106D            	     4M    btst   r0, PSYNC_BIT
00:000002C6 FB18            	     5M    bne    wait_psync_lo35
00:000002C8 806D            	     6M    btst   r0, MUX_BIT
00:000002CA 6047            	     7M    and    r0, r6
00:000002CC 00C2CE00        	     8M    bsetne r0, ALT_MUX_BIT  #move mux bit to position in 16 bit sample
00:000002D0 1366            	     9M    sub    r3, 1
00:000002D2 204D            	    10M    or     r0, r2           #merge bit state
                            	   481:    HI_PSYNC_CAPTURE
                            	     1M wait_psync_hi37:
00:000002D4 4108            	     2M    ld     r1, (r4)
                            	     3M    USE_NOP
00:000002D6 0100            	     1M nop
00:000002D8 0100            	     2M nop
00:000002DA 0100            	     3M nop
                            	     4M 
00:000002DC 116D            	     4M    btst   r1, PSYNC_BIT
00:000002DE 7B18            	     5M    beq    wait_psync_hi37
00:000002E0 816D            	     6M    btst   r1, MUX_BIT
00:000002E2 6147            	     7M    and    r1, r6
00:000002E4 01C2CE08        	     8M    bsetne r1, ALT_MUX_BIT  #move mux bit to position in 16 bit sample
00:000002E8 017D            	     9M    lsl    r1, 16           #merge lo and hi samples
00:000002EA 036A            	    10M    cmp    r3, 0
00:000002EC 104D            	    11M    or     r0, r1
                            	   482: 
00:000002EE 5034            	   483:    st     r0, DATA_BUFFER_3_offset(r5)
00:000002F0 7F90CBFE        	   484:    beq    wait_for_command
                            	   485: 
                            	   486:    LO_PSYNC_CAPTURE
                            	     1M wait_psync_lo39:
00:000002F4 4008            	     2M    ld     r0, (r4)
                            	     3M    USE_NOP
00:000002F6 0100            	     1M nop
00:000002F8 0100            	     2M nop
00:000002FA 0100            	     3M nop
                            	     4M 
00:000002FC 106D            	     4M    btst   r0, PSYNC_BIT
00:000002FE FB18            	     5M    bne    wait_psync_lo39
00:00000300 806D            	     6M    btst   r0, MUX_BIT
00:00000302 6047            	     7M    and    r0, r6
00:00000304 00C2CE00        	     8M    bsetne r0, ALT_MUX_BIT  #move mux bit to position in 16 bit sample
00:00000308 1366            	     9M    sub    r3, 1
00:0000030A 204D            	    10M    or     r0, r2           #merge bit state
                            	   487:    HI_PSYNC_CAPTURE
                            	     1M wait_psync_hi41:
00:0000030C 4108            	     2M    ld     r1, (r4)
                            	     3M    USE_NOP
00:0000030E 0100            	     1M nop
00:00000310 0100            	     2M nop
00:00000312 0100            	     3M nop
                            	     4M 
00:00000314 116D            	     4M    btst   r1, PSYNC_BIT
00:00000316 7B18            	     5M    beq    wait_psync_hi41
00:00000318 816D            	     6M    btst   r1, MUX_BIT
00:0000031A 6147            	     7M    and    r1, r6
00:0000031C 01C2CE08        	     8M    bsetne r1, ALT_MUX_BIT  #move mux bit to position in 16 bit sample
00:00000320 017D            	     9M    lsl    r1, 16           #merge lo and hi samples
00:00000322 036A            	    10M    cmp    r3, 0
00:00000324 104D            	    11M    or     r0, r1
                            	   488: 
00:00000326 5035            	   489:    st     r0, DATA_BUFFER_4_offset(r5)
00:00000328 7F90AFFE        	   490:    beq    wait_for_command
                            	   491: 
                            	   492:    LO_PSYNC_CAPTURE
                            	     1M wait_psync_lo43:
00:0000032C 4008            	     2M    ld     r0, (r4)
                            	     3M    USE_NOP
00:0000032E 0100            	     1M nop
00:00000330 0100            	     2M nop
00:00000332 0100            	     3M nop
                            	     4M 
00:00000334 106D            	     4M    btst   r0, PSYNC_BIT
00:00000336 FB18            	     5M    bne    wait_psync_lo43
00:00000338 806D            	     6M    btst   r0, MUX_BIT
00:0000033A 6047            	     7M    and    r0, r6
00:0000033C 00C2CE00        	     8M    bsetne r0, ALT_MUX_BIT  #move mux bit to position in 16 bit sample
00:00000340 1366            	     9M    sub    r3, 1
00:00000342 204D            	    10M    or     r0, r2           #merge bit state
                            	   493:    HI_PSYNC_CAPTURE
                            	     1M wait_psync_hi45:
00:00000344 4108            	     2M    ld     r1, (r4)
                            	     3M    USE_NOP
00:00000346 0100            	     1M nop
00:00000348 0100            	     2M nop
00:0000034A 0100            	     3M nop
                            	     4M 
00:0000034C 116D            	     4M    btst   r1, PSYNC_BIT
00:0000034E 7B18            	     5M    beq    wait_psync_hi45
00:00000350 816D            	     6M    btst   r1, MUX_BIT
00:00000352 6147            	     7M    and    r1, r6
00:00000354 01C2CE08        	     8M    bsetne r1, ALT_MUX_BIT  #move mux bit to position in 16 bit sample
00:00000358 017D            	     9M    lsl    r1, 16           #merge lo and hi samples
00:0000035A 036A            	    10M    cmp    r3, 0
00:0000035C 104D            	    11M    or     r0, r1
                            	   494: 
00:0000035E 5036            	   495:    st     r0, DATA_BUFFER_5_offset(r5)
00:00000360 7F9093FE        	   496:    beq    wait_for_command
                            	   497: 
                            	   498:    LO_PSYNC_CAPTURE
                            	     1M wait_psync_lo47:
00:00000364 4008            	     2M    ld     r0, (r4)
                            	     3M    USE_NOP
00:00000366 0100            	     1M nop
00:00000368 0100            	     2M nop
00:0000036A 0100            	     3M nop
                            	     4M 
00:0000036C 106D            	     4M    btst   r0, PSYNC_BIT
00:0000036E FB18            	     5M    bne    wait_psync_lo47
00:00000370 806D            	     6M    btst   r0, MUX_BIT
00:00000372 6047            	     7M    and    r0, r6
00:00000374 00C2CE00        	     8M    bsetne r0, ALT_MUX_BIT  #move mux bit to position in 16 bit sample
00:00000378 1366            	     9M    sub    r3, 1
00:0000037A 204D            	    10M    or     r0, r2           #merge bit state
00:0000037C 1275            	   499:    bchg   r2, PSYNC_BIT        #invert the software psync bit every 12 samples / 6 words
                            	   500:    HI_PSYNC_CAPTURE
                            	     1M wait_psync_hi49:
00:0000037E 4108            	     2M    ld     r1, (r4)
                            	     3M    USE_NOP
00:00000380 0100            	     1M nop
00:00000382 0100            	     2M nop
00:00000384 0100            	     3M nop
                            	     4M 
00:00000386 116D            	     4M    btst   r1, PSYNC_BIT
00:00000388 7B18            	     5M    beq    wait_psync_hi49
00:0000038A 816D            	     6M    btst   r1, MUX_BIT
00:0000038C 6147            	     7M    and    r1, r6
00:0000038E 01C2CE08        	     8M    bsetne r1, ALT_MUX_BIT  #move mux bit to position in 16 bit sample
00:00000392 017D            	     9M    lsl    r1, 16           #merge lo and hi samples
00:00000394 036A            	    10M    cmp    r3, 0
00:00000396 104D            	    11M    or     r0, r1
                            	   501: 
00:00000398 5037            	   502:    st     r0, DATA_BUFFER_6_offset(r5)
00:0000039A 7F9076FE        	   503:    beq    wait_for_command
                            	   504: 
00:0000039E 7F9E3BFF        	   505:    b      capture_loop
                            	   506: 
                            	   507: ofw_capture:
                            	   508: ofw_wait_csync_lo_cpld:
00:000003A2 5020            	   509:    ld     r0, GPU_COMMAND_offset(r5)
00:000003A4 E06D            	   510:    btst   r0, SYNC_ABORT_FLAG
00:000003A6 B318            	   511:    bne    ofw_capture_rest
00:000003A8 4008            	   512:    ld     r0, (r4)
                            	   513:    USE_NOP
00:000003AA 0100            	     1M nop
00:000003AC 0100            	     2M nop
00:000003AE 0100            	     3M nop
                            	     4M 
00:000003B0 706D            	   514:    btst   r0, SYNC_BIT
00:000003B2 F818            	   515:    bne    ofw_wait_csync_lo_cpld
00:000003B4 4008            	   516:    ld     r0, (r4)
                            	   517:    USE_NOP
00:000003B6 0100            	     1M nop
00:000003B8 0100            	     2M nop
00:000003BA 0100            	     3M nop
                            	     4M 
00:000003BC 706D            	   518:    btst   r0, SYNC_BIT
00:000003BE F218            	   519:    bne    ofw_wait_csync_lo_cpld
00:000003C0 4008            	   520:    ld     r0, (r4)
                            	   521:    USE_NOP
00:000003C2 0100            	     1M nop
00:000003C4 0100            	     2M nop
00:000003C6 0100            	     3M nop
                            	     4M 
00:000003C8 706D            	   522:    btst   r0, SYNC_BIT
00:000003CA EC18            	   523:    bne    ofw_wait_csync_lo_cpld
00:000003CC 4008            	   524:    ld     r0, (r4)
                            	   525:    USE_NOP
00:000003CE 0100            	     1M nop
00:000003D0 0100            	     2M nop
00:000003D2 0100            	     3M nop
                            	     4M 
00:000003D4 706D            	   526:    btst   r0, SYNC_BIT
00:000003D6 E618            	   527:    bne    ofw_wait_csync_lo_cpld
00:000003D8 4008            	   528:    ld     r0, (r4)
                            	   529:    USE_NOP
00:000003DA 0100            	     1M nop
00:000003DC 0100            	     2M nop
00:000003DE 0100            	     3M nop
                            	     4M 
00:000003E0 706D            	   530:    btst   r0, SYNC_BIT
00:000003E2 E018            	   531:    bne    ofw_wait_csync_lo_cpld
                            	   532: 
00:000003E4 036D            	   533:    btst   r3, LEADING_SYNC_FLAG
00:000003E6 9318            	   534:    bne    ofw_capture_rest
                            	   535: 
                            	   536: ofw_wait_csync_hi_cpld:
00:000003E8 5020            	   537:    ld     r0, GPU_COMMAND_offset(r5)
00:000003EA E06D            	   538:    btst   r0, SYNC_ABORT_FLAG
00:000003EC 9018            	   539:    bne    ofw_capture_rest
00:000003EE 4008            	   540:    ld     r0, (r4)
00:000003F0 706D            	   541:    btst   r0, SYNC_BIT
00:000003F2 7B18            	   542:    beq    ofw_wait_csync_hi_cpld
00:000003F4 4008            	   543:    ld     r0, (r4)
00:000003F6 706D            	   544:    btst   r0, SYNC_BIT
00:000003F8 7818            	   545:    beq    ofw_wait_csync_hi_cpld
00:000003FA 4008            	   546:    ld     r0, (r4)
00:000003FC 706D            	   547:    btst   r0, SYNC_BIT
00:000003FE 7518            	   548:    beq    ofw_wait_csync_hi_cpld
00:00000400 4008            	   549:    ld     r0, (r4)
00:00000402 706D            	   550:    btst   r0, SYNC_BIT
00:00000404 7218            	   551:    beq    ofw_wait_csync_hi_cpld
00:00000406 4008            	   552:    ld     r0, (r4)
00:00000408 706D            	   553:    btst   r0, SYNC_BIT
00:0000040A 6F18            	   554:    beq    ofw_wait_csync_hi_cpld
                            	   555: 
                            	   556: ofw_capture_rest:
00:0000040C 7347            	   557:    and    r3, r7         #mask off any command bits (max capture is 4095 psync cycles)
00:0000040E 1362            	   558:    add    r3, 1          #round up to multiple of 2
00:00000410 137A            	   559:    lsr    r3, 1          #divide by 2 as capturing 2 samples per cycle
                            	   560: 
                            	   561: old_firmware_capture_loop:
                            	   562:    OFW_LO_PSYNC_CAPTURE
                            	     1M wait_psync_lo56:
00:00000412 4008            	     2M    ld     r0, (r4)
                            	     3M    USE_NOP
00:00000414 0100            	     1M nop
00:00000416 0100            	     2M nop
00:00000418 0100            	     3M nop
                            	     4M 
00:0000041A 106D            	     4M    btst   r0, PSYNC_BIT
00:0000041C FB18            	     5M    bne    wait_psync_lo56
00:0000041E 4008            	     6M    ld     r0, (r4)
00:00000420 806D            	     7M    btst   r0, MUX_BIT
00:00000422 6047            	     8M    and    r0, r6
00:00000424 00C2CE00        	     9M    bsetne r0, ALT_MUX_BIT  #move mux bit to position in 16 bit sample
00:00000428 1366            	    10M    sub    r3, 1
00:0000042A 204D            	    11M    or     r0, r2           #merge bit state
                            	   563:    OFW_HI_PSYNC_CAPTURE
                            	     1M wait_psync_hi58:
00:0000042C 4108            	     2M    ld     r1, (r4)
                            	     3M    USE_NOP
00:0000042E 0100            	     1M nop
00:00000430 0100            	     2M nop
00:00000432 0100            	     3M nop
                            	     4M 
00:00000434 116D            	     4M    btst   r1, PSYNC_BIT
00:00000436 7B18            	     5M    beq    wait_psync_hi58
00:00000438 4108            	     6M    ld     r1, (r4)
00:0000043A 816D            	     7M    btst   r1, MUX_BIT
00:0000043C 6147            	     8M    and    r1, r6
00:0000043E 01C2CE08        	     9M    bsetne r1, ALT_MUX_BIT  #move mux bit to position in 16 bit sample
00:00000442 017D            	    10M    lsl    r1, 16           #merge lo and hi samples
00:00000444 036A            	    11M    cmp    r3, 0
00:00000446 104D            	    12M    or     r0, r1
                            	   564: 
00:00000448 5031            	   565:    st     r0, DATA_BUFFER_0_offset(r5)
00:0000044A 7F901EFE        	   566:    beq    wait_for_command
                            	   567: 
                            	   568:    OFW_LO_PSYNC_CAPTURE
                            	     1M wait_psync_lo60:
00:0000044E 4008            	     2M    ld     r0, (r4)
                            	     3M    USE_NOP
00:00000450 0100            	     1M nop
00:00000452 0100            	     2M nop
00:00000454 0100            	     3M nop
                            	     4M 
00:00000456 106D            	     4M    btst   r0, PSYNC_BIT
00:00000458 FB18            	     5M    bne    wait_psync_lo60
00:0000045A 4008            	     6M    ld     r0, (r4)
00:0000045C 806D            	     7M    btst   r0, MUX_BIT
00:0000045E 6047            	     8M    and    r0, r6
00:00000460 00C2CE00        	     9M    bsetne r0, ALT_MUX_BIT  #move mux bit to position in 16 bit sample
00:00000464 1366            	    10M    sub    r3, 1
00:00000466 204D            	    11M    or     r0, r2           #merge bit state
                            	   569:    OFW_HI_PSYNC_CAPTURE
                            	     1M wait_psync_hi62:
00:00000468 4108            	     2M    ld     r1, (r4)
                            	     3M    USE_NOP
00:0000046A 0100            	     1M nop
00:0000046C 0100            	     2M nop
00:0000046E 0100            	     3M nop
                            	     4M 
00:00000470 116D            	     4M    btst   r1, PSYNC_BIT
00:00000472 7B18            	     5M    beq    wait_psync_hi62
00:00000474 4108            	     6M    ld     r1, (r4)
00:00000476 816D            	     7M    btst   r1, MUX_BIT
00:00000478 6147            	     8M    and    r1, r6
00:0000047A 01C2CE08        	     9M    bsetne r1, ALT_MUX_BIT  #move mux bit to position in 16 bit sample
00:0000047E 017D            	    10M    lsl    r1, 16           #merge lo and hi samples
00:00000480 036A            	    11M    cmp    r3, 0
00:00000482 104D            	    12M    or     r0, r1
                            	   570: 
00:00000484 5032            	   571:    st     r0, DATA_BUFFER_1_offset(r5)
00:00000486 7F9000FE        	   572:    beq    wait_for_command
                            	   573: 
                            	   574:    OFW_LO_PSYNC_CAPTURE
                            	     1M wait_psync_lo64:
00:0000048A 4008            	     2M    ld     r0, (r4)
                            	     3M    USE_NOP
00:0000048C 0100            	     1M nop
00:0000048E 0100            	     2M nop
00:00000490 0100            	     3M nop
                            	     4M 
00:00000492 106D            	     4M    btst   r0, PSYNC_BIT
00:00000494 FB18            	     5M    bne    wait_psync_lo64
00:00000496 4008            	     6M    ld     r0, (r4)
00:00000498 806D            	     7M    btst   r0, MUX_BIT
00:0000049A 6047            	     8M    and    r0, r6
00:0000049C 00C2CE00        	     9M    bsetne r0, ALT_MUX_BIT  #move mux bit to position in 16 bit sample
00:000004A0 1366            	    10M    sub    r3, 1
00:000004A2 204D            	    11M    or     r0, r2           #merge bit state
                            	   575:    OFW_HI_PSYNC_CAPTURE
                            	     1M wait_psync_hi66:
00:000004A4 4108            	     2M    ld     r1, (r4)
                            	     3M    USE_NOP
00:000004A6 0100            	     1M nop
00:000004A8 0100            	     2M nop
00:000004AA 0100            	     3M nop
                            	     4M 
00:000004AC 116D            	     4M    btst   r1, PSYNC_BIT
00:000004AE 7B18            	     5M    beq    wait_psync_hi66
00:000004B0 4108            	     6M    ld     r1, (r4)
00:000004B2 816D            	     7M    btst   r1, MUX_BIT
00:000004B4 6147            	     8M    and    r1, r6
00:000004B6 01C2CE08        	     9M    bsetne r1, ALT_MUX_BIT  #move mux bit to position in 16 bit sample
00:000004BA 017D            	    10M    lsl    r1, 16           #merge lo and hi samples
00:000004BC 036A            	    11M    cmp    r3, 0
00:000004BE 104D            	    12M    or     r0, r1
                            	   576: 
00:000004C0 5033            	   577:    st     r0, DATA_BUFFER_2_offset(r5)
00:000004C2 7F90E2FD        	   578:    beq    wait_for_command
                            	   579: 
                            	   580:    OFW_LO_PSYNC_CAPTURE
                            	     1M wait_psync_lo68:
00:000004C6 4008            	     2M    ld     r0, (r4)
                            	     3M    USE_NOP
00:000004C8 0100            	     1M nop
00:000004CA 0100            	     2M nop
00:000004CC 0100            	     3M nop
                            	     4M 
00:000004CE 106D            	     4M    btst   r0, PSYNC_BIT
00:000004D0 FB18            	     5M    bne    wait_psync_lo68
00:000004D2 4008            	     6M    ld     r0, (r4)
00:000004D4 806D            	     7M    btst   r0, MUX_BIT
00:000004D6 6047            	     8M    and    r0, r6
00:000004D8 00C2CE00        	     9M    bsetne r0, ALT_MUX_BIT  #move mux bit to position in 16 bit sample
00:000004DC 1366            	    10M    sub    r3, 1
00:000004DE 204D            	    11M    or     r0, r2           #merge bit state
                            	   581:    OFW_HI_PSYNC_CAPTURE
                            	     1M wait_psync_hi70:
00:000004E0 4108            	     2M    ld     r1, (r4)
                            	     3M    USE_NOP
00:000004E2 0100            	     1M nop
00:000004E4 0100            	     2M nop
00:000004E6 0100            	     3M nop
                            	     4M 
00:000004E8 116D            	     4M    btst   r1, PSYNC_BIT
00:000004EA 7B18            	     5M    beq    wait_psync_hi70
00:000004EC 4108            	     6M    ld     r1, (r4)
00:000004EE 816D            	     7M    btst   r1, MUX_BIT
00:000004F0 6147            	     8M    and    r1, r6
00:000004F2 01C2CE08        	     9M    bsetne r1, ALT_MUX_BIT  #move mux bit to position in 16 bit sample
00:000004F6 017D            	    10M    lsl    r1, 16           #merge lo and hi samples
00:000004F8 036A            	    11M    cmp    r3, 0
00:000004FA 104D            	    12M    or     r0, r1
                            	   582: 
00:000004FC 5034            	   583:    st     r0, DATA_BUFFER_3_offset(r5)
00:000004FE 7F90C4FD        	   584:    beq    wait_for_command
                            	   585: 
                            	   586:    OFW_LO_PSYNC_CAPTURE
                            	     1M wait_psync_lo72:
00:00000502 4008            	     2M    ld     r0, (r4)
                            	     3M    USE_NOP
00:00000504 0100            	     1M nop
00:00000506 0100            	     2M nop
00:00000508 0100            	     3M nop
                            	     4M 
00:0000050A 106D            	     4M    btst   r0, PSYNC_BIT
00:0000050C FB18            	     5M    bne    wait_psync_lo72
00:0000050E 4008            	     6M    ld     r0, (r4)
00:00000510 806D            	     7M    btst   r0, MUX_BIT
00:00000512 6047            	     8M    and    r0, r6
00:00000514 00C2CE00        	     9M    bsetne r0, ALT_MUX_BIT  #move mux bit to position in 16 bit sample
00:00000518 1366            	    10M    sub    r3, 1
00:0000051A 204D            	    11M    or     r0, r2           #merge bit state
                            	   587:    OFW_HI_PSYNC_CAPTURE
                            	     1M wait_psync_hi74:
00:0000051C 4108            	     2M    ld     r1, (r4)
                            	     3M    USE_NOP
00:0000051E 0100            	     1M nop
00:00000520 0100            	     2M nop
00:00000522 0100            	     3M nop
                            	     4M 
00:00000524 116D            	     4M    btst   r1, PSYNC_BIT
00:00000526 7B18            	     5M    beq    wait_psync_hi74
00:00000528 4108            	     6M    ld     r1, (r4)
00:0000052A 816D            	     7M    btst   r1, MUX_BIT
00:0000052C 6147            	     8M    and    r1, r6
00:0000052E 01C2CE08        	     9M    bsetne r1, ALT_MUX_BIT  #move mux bit to position in 16 bit sample
00:00000532 017D            	    10M    lsl    r1, 16           #merge lo and hi samples
00:00000534 036A            	    11M    cmp    r3, 0
00:00000536 104D            	    12M    or     r0, r1
                            	   588: 
00:00000538 5035            	   589:    st     r0, DATA_BUFFER_4_offset(r5)
00:0000053A 7F90A6FD        	   590:    beq    wait_for_command
                            	   591: 
                            	   592:    OFW_LO_PSYNC_CAPTURE
                            	     1M wait_psync_lo76:
00:0000053E 4008            	     2M    ld     r0, (r4)
                            	     3M    USE_NOP
00:00000540 0100            	     1M nop
00:00000542 0100            	     2M nop
00:00000544 0100            	     3M nop
                            	     4M 
00:00000546 106D            	     4M    btst   r0, PSYNC_BIT
00:00000548 FB18            	     5M    bne    wait_psync_lo76
00:0000054A 4008            	     6M    ld     r0, (r4)
00:0000054C 806D            	     7M    btst   r0, MUX_BIT
00:0000054E 6047            	     8M    and    r0, r6
00:00000550 00C2CE00        	     9M    bsetne r0, ALT_MUX_BIT  #move mux bit to position in 16 bit sample
00:00000554 1366            	    10M    sub    r3, 1
00:00000556 204D            	    11M    or     r0, r2           #merge bit state
                            	   593:    OFW_HI_PSYNC_CAPTURE
                            	     1M wait_psync_hi78:
00:00000558 4108            	     2M    ld     r1, (r4)
                            	     3M    USE_NOP
00:0000055A 0100            	     1M nop
00:0000055C 0100            	     2M nop
00:0000055E 0100            	     3M nop
                            	     4M 
00:00000560 116D            	     4M    btst   r1, PSYNC_BIT
00:00000562 7B18            	     5M    beq    wait_psync_hi78
00:00000564 4108            	     6M    ld     r1, (r4)
00:00000566 816D            	     7M    btst   r1, MUX_BIT
00:00000568 6147            	     8M    and    r1, r6
00:0000056A 01C2CE08        	     9M    bsetne r1, ALT_MUX_BIT  #move mux bit to position in 16 bit sample
00:0000056E 017D            	    10M    lsl    r1, 16           #merge lo and hi samples
00:00000570 036A            	    11M    cmp    r3, 0
00:00000572 104D            	    12M    or     r0, r1
                            	   594: 
00:00000574 5036            	   595:    st     r0, DATA_BUFFER_5_offset(r5)
00:00000576 7F9088FD        	   596:    beq    wait_for_command
                            	   597: 
                            	   598:    OFW_LO_PSYNC_CAPTURE
                            	     1M wait_psync_lo80:
00:0000057A 4008            	     2M    ld     r0, (r4)
                            	     3M    USE_NOP
00:0000057C 0100            	     1M nop
00:0000057E 0100            	     2M nop
00:00000580 0100            	     3M nop
                            	     4M 
00:00000582 106D            	     4M    btst   r0, PSYNC_BIT
00:00000584 FB18            	     5M    bne    wait_psync_lo80
00:00000586 4008            	     6M    ld     r0, (r4)
00:00000588 806D            	     7M    btst   r0, MUX_BIT
00:0000058A 6047            	     8M    and    r0, r6
00:0000058C 00C2CE00        	     9M    bsetne r0, ALT_MUX_BIT  #move mux bit to position in 16 bit sample
00:00000590 1366            	    10M    sub    r3, 1
00:00000592 204D            	    11M    or     r0, r2           #merge bit state
00:00000594 1275            	   599:    bchg   r2, PSYNC_BIT        #invert the software psync bit every 12 samples / 6 words
                            	   600:    OFW_HI_PSYNC_CAPTURE
                            	     1M wait_psync_hi82:
00:00000596 4108            	     2M    ld     r1, (r4)
                            	     3M    USE_NOP
00:00000598 0100            	     1M nop
00:0000059A 0100            	     2M nop
00:0000059C 0100            	     3M nop
                            	     4M 
00:0000059E 116D            	     4M    btst   r1, PSYNC_BIT
00:000005A0 7B18            	     5M    beq    wait_psync_hi82
00:000005A2 4108            	     6M    ld     r1, (r4)
00:000005A4 816D            	     7M    btst   r1, MUX_BIT
00:000005A6 6147            	     8M    and    r1, r6
00:000005A8 01C2CE08        	     9M    bsetne r1, ALT_MUX_BIT  #move mux bit to position in 16 bit sample
00:000005AC 017D            	    10M    lsl    r1, 16           #merge lo and hi samples
00:000005AE 036A            	    11M    cmp    r3, 0
00:000005B0 104D            	    12M    or     r0, r1
                            	   601: 
00:000005B2 5037            	   602:    st     r0, DATA_BUFFER_6_offset(r5)
00:000005B4 7F9069FD        	   603:    beq    wait_for_command
                            	   604: 
00:000005B8 7F9E2DFF        	   605:    b      old_firmware_capture_loop
                            	   606: 
                            	   607: hl_capture:
00:000005BC 7347            	   608:    and    r3, r7           #mask off any command bits (max capture is 4095 psync cycles)
00:000005BE 3040            	   609:    mov    r0, r3
00:000005C0 D062            	   610:    add    r0, 13           #round up to multiple of 14
00:000005C2 E160            	   611:    mov    r1, 14
00:000005C4 E3C40107        	   612:    divu   r3, r0, r1       #divide by 14 as capturing 14 samples per cycle
00:000005C8 1275            	   613:    bchg   r2, PSYNC_BIT    #pre invert the software psync bit
                            	   614: 
                            	   615: high_latency_capture_loop:
                            	   616:    HL_LO_PSYNC_CAPTURE
                            	     1M wait_psync_lo84:
00:000005CA 4008            	     2M    ld     r0, (r4)
                            	     3M    USE_NOP
00:000005CC 0100            	     1M nop
00:000005CE 0100            	     2M nop
00:000005D0 0100            	     3M nop
                            	     4M 
00:000005D2 106D            	     4M    btst   r0, PSYNC_BIT
00:000005D4 FB18            	     5M    bne    wait_psync_lo84
00:000005D6 806D            	     6M    btst   r0, MUX_BIT
00:000005D8 6047            	     7M    and    r0, r6
00:000005DA 00C2CE00        	     8M    bsetne r0, ALT_MUX_BIT  #move mux bit to position in 16 bit sample
                            	     9M 
00:000005DE 1275            	   617:    bchg   r2, PSYNC_BIT    #invert the software psync bit every 12 samples / 6 words
00:000005E0 204D            	   618:    or     r0, r2           #merge bit state
                            	   619:    HL_HI_PSYNC_CAPTURE
                            	     1M wait_psync_hi86:
00:000005E2 4108            	     2M    ld     r1, (r4)
                            	     3M    USE_NOP
00:000005E4 0100            	     1M nop
00:000005E6 0100            	     2M nop
00:000005E8 0100            	     3M nop
                            	     4M 
00:000005EA 116D            	     4M    btst   r1, PSYNC_BIT
00:000005EC 7B18            	     5M    beq    wait_psync_hi86
00:000005EE 816D            	     6M    btst   r1, MUX_BIT
00:000005F0 6147            	     7M    and    r1, r6
00:000005F2 01C2CE08        	     8M    bsetne r1, ALT_MUX_BIT  #move mux bit to position in 16 bit sample
00:000005F6 017D            	     9M    lsl    r1, 16           #merge lo and hi samples
00:000005F8 104D            	    10M    or     r0, r1
00:000005FA 104D            	   620:    or     r0, r1
00:000005FC 5031            	   621:    st     r0, DATA_BUFFER_0_offset(r5)
                            	   622: 
                            	   623:    HL_LO_PSYNC_CAPTURE
                            	     1M wait_psync_lo88:
00:000005FE 4008            	     2M    ld     r0, (r4)
                            	     3M    USE_NOP
00:00000600 0100            	     1M nop
00:00000602 0100            	     2M nop
00:00000604 0100            	     3M nop
                            	     4M 
00:00000606 106D            	     4M    btst   r0, PSYNC_BIT
00:00000608 FB18            	     5M    bne    wait_psync_lo88
00:0000060A 806D            	     6M    btst   r0, MUX_BIT
00:0000060C 6047            	     7M    and    r0, r6
00:0000060E 00C2CE00        	     8M    bsetne r0, ALT_MUX_BIT  #move mux bit to position in 16 bit sample
                            	     9M 
00:00000612 204D            	   624:    or     r0, r2           #merge bit state
                            	   625:    HL_HI_PSYNC_CAPTURE
                            	     1M wait_psync_hi90:
00:00000614 4108            	     2M    ld     r1, (r4)
                            	     3M    USE_NOP
00:00000616 0100            	     1M nop
00:00000618 0100            	     2M nop
00:0000061A 0100            	     3M nop
                            	     4M 
00:0000061C 116D            	     4M    btst   r1, PSYNC_BIT
00:0000061E 7B18            	     5M    beq    wait_psync_hi90
00:00000620 816D            	     6M    btst   r1, MUX_BIT
00:00000622 6147            	     7M    and    r1, r6
00:00000624 01C2CE08        	     8M    bsetne r1, ALT_MUX_BIT  #move mux bit to position in 16 bit sample
00:00000628 017D            	     9M    lsl    r1, 16           #merge lo and hi samples
00:0000062A 104D            	    10M    or     r0, r1
00:0000062C 104D            	   626:    or     r0, r1
00:0000062E 5032            	   627:    st     r0, DATA_BUFFER_1_offset(r5)
                            	   628: 
                            	   629:    HL_LO_PSYNC_CAPTURE
                            	     1M wait_psync_lo92:
00:00000630 4008            	     2M    ld     r0, (r4)
                            	     3M    USE_NOP
00:00000632 0100            	     1M nop
00:00000634 0100            	     2M nop
00:00000636 0100            	     3M nop
                            	     4M 
00:00000638 106D            	     4M    btst   r0, PSYNC_BIT
00:0000063A FB18            	     5M    bne    wait_psync_lo92
00:0000063C 806D            	     6M    btst   r0, MUX_BIT
00:0000063E 6047            	     7M    and    r0, r6
00:00000640 00C2CE00        	     8M    bsetne r0, ALT_MUX_BIT  #move mux bit to position in 16 bit sample
                            	     9M 
00:00000644 1366            	   630:    sub    r3, 1
00:00000646 204D            	   631:    or     r0, r2           #merge bit state
                            	   632:    HL_HI_PSYNC_CAPTURE
                            	     1M wait_psync_hi94:
00:00000648 4108            	     2M    ld     r1, (r4)
                            	     3M    USE_NOP
00:0000064A 0100            	     1M nop
00:0000064C 0100            	     2M nop
00:0000064E 0100            	     3M nop
                            	     4M 
00:00000650 116D            	     4M    btst   r1, PSYNC_BIT
00:00000652 7B18            	     5M    beq    wait_psync_hi94
00:00000654 816D            	     6M    btst   r1, MUX_BIT
00:00000656 6147            	     7M    and    r1, r6
00:00000658 01C2CE08        	     8M    bsetne r1, ALT_MUX_BIT  #move mux bit to position in 16 bit sample
00:0000065C 017D            	     9M    lsl    r1, 16           #merge lo and hi samples
00:0000065E 104D            	    10M    or     r0, r1
00:00000660 104D            	   633:    or     r0, r1
00:00000662 5033            	   634:    st     r0, DATA_BUFFER_2_offset(r5)
                            	   635: 
                            	   636:    HL_LO_PSYNC_CAPTURE
                            	     1M wait_psync_lo96:
00:00000664 4008            	     2M    ld     r0, (r4)
                            	     3M    USE_NOP
00:00000666 0100            	     1M nop
00:00000668 0100            	     2M nop
00:0000066A 0100            	     3M nop
                            	     4M 
00:0000066C 106D            	     4M    btst   r0, PSYNC_BIT
00:0000066E FB18            	     5M    bne    wait_psync_lo96
00:00000670 806D            	     6M    btst   r0, MUX_BIT
00:00000672 6047            	     7M    and    r0, r6
00:00000674 00C2CE00        	     8M    bsetne r0, ALT_MUX_BIT  #move mux bit to position in 16 bit sample
                            	     9M 
00:00000678 204D            	   637:    or     r0, r2           #merge bit state
                            	   638:    HL_HI_PSYNC_CAPTURE
                            	     1M wait_psync_hi98:
00:0000067A 4108            	     2M    ld     r1, (r4)
                            	     3M    USE_NOP
00:0000067C 0100            	     1M nop
00:0000067E 0100            	     2M nop
00:00000680 0100            	     3M nop
                            	     4M 
00:00000682 116D            	     4M    btst   r1, PSYNC_BIT
00:00000684 7B18            	     5M    beq    wait_psync_hi98
00:00000686 816D            	     6M    btst   r1, MUX_BIT
00:00000688 6147            	     7M    and    r1, r6
00:0000068A 01C2CE08        	     8M    bsetne r1, ALT_MUX_BIT  #move mux bit to position in 16 bit sample
00:0000068E 017D            	     9M    lsl    r1, 16           #merge lo and hi samples
00:00000690 104D            	    10M    or     r0, r1
00:00000692 104D            	   639:    or     r0, r1
00:00000694 5034            	   640:    st     r0, DATA_BUFFER_3_offset(r5)
                            	   641: 
                            	   642:    HL_LO_PSYNC_CAPTURE
                            	     1M wait_psync_lo100:
00:00000696 4008            	     2M    ld     r0, (r4)
                            	     3M    USE_NOP
00:00000698 0100            	     1M nop
00:0000069A 0100            	     2M nop
00:0000069C 0100            	     3M nop
                            	     4M 
00:0000069E 106D            	     4M    btst   r0, PSYNC_BIT
00:000006A0 FB18            	     5M    bne    wait_psync_lo100
00:000006A2 806D            	     6M    btst   r0, MUX_BIT
00:000006A4 6047            	     7M    and    r0, r6
00:000006A6 00C2CE00        	     8M    bsetne r0, ALT_MUX_BIT  #move mux bit to position in 16 bit sample
                            	     9M 
00:000006AA 204D            	   643:    or     r0, r2           #merge bit state
                            	   644:    HL_HI_PSYNC_CAPTURE
                            	     1M wait_psync_hi102:
00:000006AC 4108            	     2M    ld     r1, (r4)
                            	     3M    USE_NOP
00:000006AE 0100            	     1M nop
00:000006B0 0100            	     2M nop
00:000006B2 0100            	     3M nop
                            	     4M 
00:000006B4 116D            	     4M    btst   r1, PSYNC_BIT
00:000006B6 7B18            	     5M    beq    wait_psync_hi102
00:000006B8 816D            	     6M    btst   r1, MUX_BIT
00:000006BA 6147            	     7M    and    r1, r6
00:000006BC 01C2CE08        	     8M    bsetne r1, ALT_MUX_BIT  #move mux bit to position in 16 bit sample
00:000006C0 017D            	     9M    lsl    r1, 16           #merge lo and hi samples
00:000006C2 104D            	    10M    or     r0, r1
00:000006C4 104D            	   645:    or     r0, r1
00:000006C6 5035            	   646:    st     r0, DATA_BUFFER_4_offset(r5)
                            	   647: 
                            	   648:    HL_LO_PSYNC_CAPTURE
                            	     1M wait_psync_lo104:
00:000006C8 4008            	     2M    ld     r0, (r4)
                            	     3M    USE_NOP
00:000006CA 0100            	     1M nop
00:000006CC 0100            	     2M nop
00:000006CE 0100            	     3M nop
                            	     4M 
00:000006D0 106D            	     4M    btst   r0, PSYNC_BIT
00:000006D2 FB18            	     5M    bne    wait_psync_lo104
00:000006D4 806D            	     6M    btst   r0, MUX_BIT
00:000006D6 6047            	     7M    and    r0, r6
00:000006D8 00C2CE00        	     8M    bsetne r0, ALT_MUX_BIT  #move mux bit to position in 16 bit sample
                            	     9M 
00:000006DC 204D            	   649:    or     r0, r2           #merge bit state
                            	   650:    HL_HI_PSYNC_CAPTURE
                            	     1M wait_psync_hi106:
00:000006DE 4108            	     2M    ld     r1, (r4)
                            	     3M    USE_NOP
00:000006E0 0100            	     1M nop
00:000006E2 0100            	     2M nop
00:000006E4 0100            	     3M nop
                            	     4M 
00:000006E6 116D            	     4M    btst   r1, PSYNC_BIT
00:000006E8 7B18            	     5M    beq    wait_psync_hi106
00:000006EA 816D            	     6M    btst   r1, MUX_BIT
00:000006EC 6147            	     7M    and    r1, r6
00:000006EE 01C2CE08        	     8M    bsetne r1, ALT_MUX_BIT  #move mux bit to position in 16 bit sample
00:000006F2 017D            	     9M    lsl    r1, 16           #merge lo and hi samples
00:000006F4 104D            	    10M    or     r0, r1
00:000006F6 104D            	   651:    or     r0, r1
00:000006F8 5036            	   652:    st     r0, DATA_BUFFER_5_offset(r5)
                            	   653: 
                            	   654:    HL_LO_PSYNC_CAPTURE
                            	     1M wait_psync_lo108:
00:000006FA 4008            	     2M    ld     r0, (r4)
                            	     3M    USE_NOP
00:000006FC 0100            	     1M nop
00:000006FE 0100            	     2M nop
00:00000700 0100            	     3M nop
                            	     4M 
00:00000702 106D            	     4M    btst   r0, PSYNC_BIT
00:00000704 FB18            	     5M    bne    wait_psync_lo108
00:00000706 806D            	     6M    btst   r0, MUX_BIT
00:00000708 6047            	     7M    and    r0, r6
00:0000070A 00C2CE00        	     8M    bsetne r0, ALT_MUX_BIT  #move mux bit to position in 16 bit sample
                            	     9M 
00:0000070E 204D            	   655:    or     r0, r2           #merge bit state
                            	   656:    HL_HI_PSYNC_CAPTURE
                            	     1M wait_psync_hi110:
00:00000710 4108            	     2M    ld     r1, (r4)
                            	     3M    USE_NOP
00:00000712 0100            	     1M nop
00:00000714 0100            	     2M nop
00:00000716 0100            	     3M nop
                            	     4M 
00:00000718 116D            	     4M    btst   r1, PSYNC_BIT
00:0000071A 7B18            	     5M    beq    wait_psync_hi110
00:0000071C 816D            	     6M    btst   r1, MUX_BIT
00:0000071E 6147            	     7M    and    r1, r6
00:00000720 01C2CE08        	     8M    bsetne r1, ALT_MUX_BIT  #move mux bit to position in 16 bit sample
00:00000724 017D            	     9M    lsl    r1, 16           #merge lo and hi samples
00:00000726 104D            	    10M    or     r0, r1
00:00000728 036A            	   657:    cmp    r3, 0
00:0000072A 104D            	   658:    or     r0, r1
00:0000072C 5037            	   659:    st     r0, DATA_BUFFER_6_offset(r5)
                            	   660: 
00:0000072E 7F914EFF        	   661:    bne    high_latency_capture_loop
                            	   662: 
00:00000732 7F9EAAFC        	   663:    b      wait_for_command
                            	   664: 
                            	   665: #*****************************************************************************************
                            	   666: #macros for audio capture
                            	   667: .macro DELAY_NOP
                            	   668:    nop
                            	   669:    nop
                            	   670:    nop
                            	   671:    nop
                            	   672:    nop
                            	   673:    nop
                            	   674: 
                            	   675: .endm
                            	   676: 
                            	   677: .macro DELAY_NOP2
                            	   678:    nop
                            	   679:    nop
                            	   680: 
                            	   681: .endm
                            	   682: 
                            	   683: .if INTERRUPTS
                            	   684: 
                            	   685: .macro WAIT_EDGE_FOR_DATA_BIT
                            	   686: waitBCH\@:
                            	   687:    btst   r27, 31
                            	   688:    beq    waitBCH\@
                            	   689:    bclr   r27, 31
                            	   690:    mov    r0, r27
                            	   691:    btst   r0, r15 # DATABIT
                            	   692: .endm
                            	   693: 
                            	   694: .macro WAIT_EDGE_FOR_LR_BIT
                            	   695: waitBCH\@:
                            	   696:    btst   r27, 31
                            	   697:    beq    waitBCH\@
                            	   698:    bclr   r27, 31
                            	   699:    mov    r0, r27
                            	   700:    btst   r0, r16 # LRBIT
                            	   701: .endm
                            	   702: 
                            	   703: .else
                            	   704: 
                            	   705: .macro WAIT_EDGE_FOR_DATA_BIT
                            	   706: waitBCH\@:
                            	   707:    ld     r0, (r4)
                            	   708:    DELAY_NOP
                            	   709:    eor    r0, r2
                            	   710:    btst   r0, CLOCK_BIT
                            	   711:    beq    waitBCH\@
                            	   712:    ld     r0, (r4)     #second read for settle delay
                            	   713:    bchg   r2, CLOCK_BIT
                            	   714:    btst   r0, r15 # DATABIT
                            	   715: .endm
                            	   716: 
                            	   717: .macro WAIT_EDGE_FOR_LR_BIT
                            	   718: waitBCH\@:
                            	   719:    ld     r0, (r4)
                            	   720:    DELAY_NOP
                            	   721:    eor    r0, r2
                            	   722:    btst   r0, CLOCK_BIT
                            	   723:    beq    waitBCH\@
                            	   724:    ld     r0, (r4)     #second read for settle delay
                            	   725:    bchg   r2, CLOCK_BIT
                            	   726:    btst   r0, r16
                            	   727: .endm
                            	   728: 
                            	   729: .endif
                            	   730: 
                            	   731: 
                            	   732: .macro HI_BITCLK_FOR_DATA_BIT
                            	   733: waitBCH\@:
                            	   734:    ld     r0, (r4)
                            	   735: #   DELAY_NOP2
                            	   736:    btst   r0, CLOCK_BIT
                            	   737:    beq    waitBCH\@
                            	   738:    ld     r0, (r4)     #second read for settle delay
                            	   739:    btst   r0, r15
                            	   740: 
                            	   741: .endm
                            	   742: 
                            	   743: .macro LO_BITCLK_FOR_LR_BIT
                            	   744: waitBCL\@:
                            	   745:    ld     r0, (r4)
                            	   746: #   DELAY_NOP2
                            	   747:    btst   r0, CLOCK_BIT
                            	   748:    bne    waitBCL\@
                            	   749:    ld     r0, (r4)     #second read for settle delay
                            	   750:    btst   r0, r16
                            	   751: .endm
                            	   752: 
                            	   753: .macro HI_BITCLK
                            	   754: waitBCHO\@:
                            	   755:    ld     r0, (r4)
                            	   756: #   DELAY_NOP2
                            	   757:    btst   r0, CLOCK_BIT
                            	   758:    beq    waitBCHO\@
                            	   759: .endm
                            	   760: 
                            	   761: .macro LO_BITCLK
                            	   762: waitBCLO\@:
                            	   763:    ld     r0, (r4)
                            	   764: #   DELAY_NOP2
                            	   765:    btst   r0, CLOCK_BIT
                            	   766:    bne    waitBCLO\@
                            	   767: .endm
                            	   768: 
                            	   769: .macro WAIT_FOR_DATA_BIT
                            	   770: .if ONEGPIO
                            	   771:    LO_BITCLK
                            	   772:    HI_BITCLK_FOR_DATA_BIT
                            	   773: .else
                            	   774:    WAIT_EDGE_FOR_DATA_BIT
                            	   775: .endif
                            	   776: .endm
                            	   777: 
                            	   778: .macro WAIT_FOR_LR_BIT
                            	   779: .if ONEGPIO
                            	   780:    LO_BITCLK_FOR_LR_BIT
                            	   781: .else
                            	   782:    WAIT_EDGE_FOR_LR_BIT
                            	   783: .endif
                            	   784: .endm
                            	   785: 
                            	   786: .macro WAIT_HI_ONEGPIO_ONLY
                            	   787: .if ONEGPIO
                            	   788:    HI_BITCLK
                            	   789: .endif
                            	   790: .endm
                            	   791: 
                            	   792: .macro LO_LRCLK
                            	   793: .if ONEGPIO
                            	   794: waitLRCL2\@:
                            	   795:    HI_BITCLK
                            	   796:    LO_BITCLK_FOR_LR_BIT
                            	   797:    bne    waitLRCL2\@
                            	   798:    HI_BITCLK
                            	   799: .else
                            	   800: waitLRCL\@:
                            	   801:    WAIT_EDGE_FOR_LR_BIT
                            	   802:    beq    waitLRCL\@
                            	   803: .endif
                            	   804: .endm
                            	   805: 
                            	   806: 
                            	   807: .macro HI_LRCLK
                            	   808: .if ONEGPIO
                            	   809: waitLRCH2\@:
                            	   810:    HI_BITCLK
                            	   811:    LO_BITCLK_FOR_LR_BIT
                            	   812:    beq    waitLRCH2\@
                            	   813:    HI_BITCLK
                            	   814: .else
                            	   815: waitLRCH\@:
                            	   816:    WAIT_EDGE_FOR_LR_BIT
                            	   817:    bne    waitLRCH\@
                            	   818: .endif
                            	   819: .endm
                            	   820: 
                            	   821: 
                            	   822: 
                            	   823: 
                            	   824: .macro IEC958_STATUS
                            	   825: 
                            	   826:     #byte 0 = 0x04   - bits 0-7,   bit 2 set   // consumer, PCM, no copyright, no pre-emphasis
                            	   827:     #byte 1 = 0x00   - bits 8-15                // category (general mode)
                            	   828:     #byte 2 = 0x00   - bits 16-23              // source number, take no account of channel number
                            	   829:     #byte 3 = 0x02   - bits 24-31  bit 25 set    // sampling frequency uchFS = 2 = 48000
                            	   830:     #byte 4 = 0xDB   - bits 32-39  0b1011 | (13 << 4) bits 1101 1011   bits 32, 33, 35, 36, 38, 39      // 24 bit sampl
                            	   831: 
                            	   832:     cmp    r6, 0
                            	   833:     oreq   r1, IEC958_B_FRAME_PREAMBLE
                            	   834:     cmp r6, (IEC958_STATUS_BYTES * 8)
                            	   835:     bge    no_status_bytes\@
                            	   836:     cmp   r6, 2
                            	   837:     cmpne r6, 25
                            	   838:     bseteq r1, 30
                            	   839:     sub   r6, 32
                            	   840:     cmp   r6, (32 - 32)
                            	   841:     cmpne r6, (33 - 32)
                            	   842:     cmpne r6, (35 - 32)
                            	   843:     cmpne r6, (36 - 32)
                            	   844:     cmpne r6, (38 - 32)
                            	   845:     cmpne r6, (39 - 32)
                            	   846:     bseteq r1, 30
                            	   847:     add   r6, 32
                            	   848: no_status_bytes\@:
                            	   849:     mov    r8, 0
                            	   850:     btst   r1, 31  #test existing parity count
                            	   851:     movne  r8, 1
                            	   852:     bclr   r1, 31
                            	   853: 
                            	   854:     btst   r1, 0
                            	   855:     addne  r8, 1
                            	   856:     btst   r1, 1
                            	   857:     addne  r8, 1
                            	   858:     btst   r1, 2
                            	   859:     addne  r8, 1
                            	   860:     btst   r1, 3
                            	   861:     addne  r8, 1
                            	   862:     btst   r1, 28
                            	   863:     addne  r8, 1
                            	   864:     btst   r1, 29
                            	   865:     addne  r8, 1
                            	   866:     btst   r1, 30
                            	   867:     addne  r8, 1
                            	   868: 
                            	   869:     btst   r8, 0
                            	   870:     bsetne r1, 31   # set parity bit as count is odd
                            	   871: 
                            	   872: .endm
                            	   873: 
                            	   874: .macro WRITE
                            	   875:     st     r1, (r5)
                            	   876: #increment buffer pointer
                            	   877:     add    r5, 4
                            	   878:     cmp    r5, r14
                            	   879:     movge  r5, r13
                            	   880: .endm
                            	   881: 
                            	   882: SINGLE_WRITE_LEFT_RIGHT:
00:00000736 95C145AF        	   883:    btst   r21, SMI_CTRL_BIT_MONO_RIGHT
00:0000073A 01C08C08        	   884:    movne  r1, r12
00:0000073E 01C00B08        	   885:    moveq  r1, r11
                            	   886:    IEC958_STATUS
                            	     1M 
                            	     2M     #byte 0 = 0x04   - bits 0-7,   bit 2 set   // consumer, PCM, no copyright, no pre-emphasis
                            	     3M     #byte 1 = 0x00   - bits 8-15                // category (general mode)
                            	     4M     #byte 2 = 0x00   - bits 16-23              // source number, take no account of channel number
                            	     5M     #byte 3 = 0x02   - bits 24-31  bit 25 set    // sampling frequency uchFS = 2 = 48000
                            	     6M     #byte 4 = 0xDB   - bits 32-39  0b1011 | (13 << 4) bits 1101 1011   bits 32, 33, 35, 36, 38, 39      // 24 bit sampl
                            	     7M 
00:00000742 066A            	     8M     cmp    r6, 0
00:00000744 A1C14F08        	     9M     oreq   r1, IEC958_B_FRAME_PREAMBLE
00:00000748 46E928000000    	    10M     cmp r6, (IEC958_STATUS_BYTES * 8)
00:0000074E 191D            	    11M     bge    no_status_bytes112
00:00000750 266A            	    12M     cmp   r6, 2
00:00000752 46C1D930        	    13M     cmpne r6, 25
00:00000756 01C25E08        	    14M     bseteq r1, 30
00:0000075A C6E820000000    	    15M     sub   r6, 32
00:00000760 066A            	    16M     cmp   r6, (32 - 32)
00:00000762 46C1C130        	    17M     cmpne r6, (33 - 32)
00:00000766 46C1C330        	    18M     cmpne r6, (35 - 32)
00:0000076A 46C1C430        	    19M     cmpne r6, (36 - 32)
00:0000076E 46C1C630        	    20M     cmpne r6, (38 - 32)
00:00000772 46C1C730        	    21M     cmpne r6, (39 - 32)
00:00000776 01C25E08        	    22M     bseteq r1, 30
00:0000077A 46E820000000    	    23M     add   r6, 32
                            	    24M no_status_bytes112:
00:00000780 0860            	    25M     mov    r8, 0
00:00000782 F16D            	    26M     btst   r1, 31  #test existing parity count
00:00000784 08C0C140        	    27M     movne  r8, 1
00:00000788 F173            	    28M     bclr   r1, 31
                            	    29M 
00:0000078A 016C            	    30M     btst   r1, 0
00:0000078C 48C0C140        	    31M     addne  r8, 1
00:00000790 116C            	    32M     btst   r1, 1
00:00000792 48C0C140        	    33M     addne  r8, 1
00:00000796 216C            	    34M     btst   r1, 2
00:00000798 48C0C140        	    35M     addne  r8, 1
00:0000079C 316C            	    36M     btst   r1, 3
00:0000079E 48C0C140        	    37M     addne  r8, 1
00:000007A2 C16D            	    38M     btst   r1, 28
00:000007A4 48C0C140        	    39M     addne  r8, 1
00:000007A8 D16D            	    40M     btst   r1, 29
00:000007AA 48C0C140        	    41M     addne  r8, 1
00:000007AE E16D            	    42M     btst   r1, 30
00:000007B0 48C0C140        	    43M     addne  r8, 1
                            	    44M 
00:000007B4 086C            	    45M     btst   r8, 0
00:000007B6 01C2DF08        	    46M     bsetne r1, 31   # set parity bit as count is odd
                            	    47M 
                            	   887:    WRITE
00:000007BA 5109            	     1M     st     r1, (r5)
                            	     2M #increment buffer pointer
00:000007BC 4562            	     3M     add    r5, 4
00:000007BE E54A            	     4M     cmp    r5, r14
00:000007C0 05C00D2D        	     5M     movge  r5, r13
00:000007C4 95C144AF        	   888:    btst   r21, SMI_CTRL_BIT_MONO_LEFT
00:000007C8 01C08B08        	   889:    movne  r1, r11
00:000007CC 01C00C08        	   890:    moveq  r1, r12
                            	   891:    IEC958_STATUS
                            	     1M 
                            	     2M     #byte 0 = 0x04   - bits 0-7,   bit 2 set   // consumer, PCM, no copyright, no pre-emphasis
                            	     3M     #byte 1 = 0x00   - bits 8-15                // category (general mode)
                            	     4M     #byte 2 = 0x00   - bits 16-23              // source number, take no account of channel number
                            	     5M     #byte 3 = 0x02   - bits 24-31  bit 25 set    // sampling frequency uchFS = 2 = 48000
                            	     6M     #byte 4 = 0xDB   - bits 32-39  0b1011 | (13 << 4) bits 1101 1011   bits 32, 33, 35, 36, 38, 39      // 24 bit sampl
                            	     7M 
00:000007D0 066A            	     8M     cmp    r6, 0
00:000007D2 A1C14F08        	     9M     oreq   r1, IEC958_B_FRAME_PREAMBLE
00:000007D6 46E928000000    	    10M     cmp r6, (IEC958_STATUS_BYTES * 8)
00:000007DC 191D            	    11M     bge    no_status_bytes114
00:000007DE 266A            	    12M     cmp   r6, 2
00:000007E0 46C1D930        	    13M     cmpne r6, 25
00:000007E4 01C25E08        	    14M     bseteq r1, 30
00:000007E8 C6E820000000    	    15M     sub   r6, 32
00:000007EE 066A            	    16M     cmp   r6, (32 - 32)
00:000007F0 46C1C130        	    17M     cmpne r6, (33 - 32)
00:000007F4 46C1C330        	    18M     cmpne r6, (35 - 32)
00:000007F8 46C1C430        	    19M     cmpne r6, (36 - 32)
00:000007FC 46C1C630        	    20M     cmpne r6, (38 - 32)
00:00000800 46C1C730        	    21M     cmpne r6, (39 - 32)
00:00000804 01C25E08        	    22M     bseteq r1, 30
00:00000808 46E820000000    	    23M     add   r6, 32
                            	    24M no_status_bytes114:
00:0000080E 0860            	    25M     mov    r8, 0
00:00000810 F16D            	    26M     btst   r1, 31  #test existing parity count
00:00000812 08C0C140        	    27M     movne  r8, 1
00:00000816 F173            	    28M     bclr   r1, 31
                            	    29M 
00:00000818 016C            	    30M     btst   r1, 0
00:0000081A 48C0C140        	    31M     addne  r8, 1
00:0000081E 116C            	    32M     btst   r1, 1
00:00000820 48C0C140        	    33M     addne  r8, 1
00:00000824 216C            	    34M     btst   r1, 2
00:00000826 48C0C140        	    35M     addne  r8, 1
00:0000082A 316C            	    36M     btst   r1, 3
00:0000082C 48C0C140        	    37M     addne  r8, 1
00:00000830 C16D            	    38M     btst   r1, 28
00:00000832 48C0C140        	    39M     addne  r8, 1
00:00000836 D16D            	    40M     btst   r1, 29
00:00000838 48C0C140        	    41M     addne  r8, 1
00:0000083C E16D            	    42M     btst   r1, 30
00:0000083E 48C0C140        	    43M     addne  r8, 1
                            	    44M 
00:00000842 086C            	    45M     btst   r8, 0
00:00000844 01C2DF08        	    46M     bsetne r1, 31   # set parity bit as count is odd
                            	    47M 
                            	   892:    WRITE
00:00000848 5109            	     1M     st     r1, (r5)
                            	     2M #increment buffer pointer
00:0000084A 4562            	     3M     add    r5, 4
00:0000084C E54A            	     4M     cmp    r5, r14
00:0000084E 05C00D2D        	     5M     movge  r5, r13
00:00000852 1662            	   893:    add    r6, 1
00:00000854 46E9C0000000    	   894:    cmp    r6, IEC958_FRAMES_PER_BLOCK
00:0000085A 06C04035        	   895:    movge  r6, 0
00:0000085E 5A00            	   896:    rts
                            	   897: 
                            	   898: .macro CHECK_UNDERRUN
                            	   899:    # check for underrun
                            	   900:    cmp    r9,0x10
                            	   901:    bne    not_empty\@             #only check once per frame
                            	   902:    btst   r2, REPEAT_SAMPLE
                            	   903:    bne    not_empty\@          #repeat pending
                            	   904: 
                            	   905:    btst   r21, SMI_CTRL_BIT_DMA
                            	   906:    beq  not_dma_underrun\@
                            	   907: 
                            	   908:    ld     r0, (r10) #get dma pointer
                            	   909:    sub    r3, r14, r13  #buffer size
                            	   910:    cmp    r5, r0
                            	   911:    subge  r1, r5, r0
                            	   912:    bge    got_offset_under\@
                            	   913:    sub    r1, r0, r5
                            	   914:    sub    r1, r3, r1
                            	   915: got_offset_under\@:
                            	   916:    lsr    r3, 1
                            	   917:    sub    r1, r3
                            	   918:    st     r1, SMI_DMA_OFFSET(r20)
                            	   919:    rsb    r1, 0
                            	   920:    cmp    r1, MAX_DMA_DRIFT_ERROR
                            	   921:    bgt    repeat_empty\@
                            	   922:    cmp    r1, MAX_DMA_DRIFT
                            	   923:    bgt    empty\@
                            	   924:    b      not_empty\@
                            	   925: 
                            	   926: not_dma_underrun\@:
                            	   927:    ld     r0, (r7)  #read MAI CTL
                            	   928:    btst   r0, HD_MAI_CTL_ERRORE
                            	   929:    bne    repeat_empty_ERRORE\@
                            	   930:    btst   r0, HD_MAI_CTL_EMPTY
                            	   931:    beq    not_empty\@
                            	   932: empty\@:
                            	   933:    btst   r21, SMI_CTRL_BIT_PLL_1
                            	   934:    beq    repeat_empty\@
                            	   935:    btst   r21, SMI_CTRL_BIT_PLL_0
                            	   936:    beq    use_slow_pll_empty\@
                            	   937: 
                            	   938: #   mov    r0, r19
                            	   939: #   sub    r0, PLL_OFFSET_FAST
                            	   940:    sub    r19, PLL_OFFSET_FAST
                            	   941:    mov    r0, r19
                            	   942:    or     r0, CM_PASSWORD
                            	   943:    st     r0, (r18)
                            	   944:    b      not_empty\@
                            	   945: 
                            	   946: use_slow_pll_empty\@:
                            	   947:    sub    r19, PLL_OFFSET_SLOW
                            	   948:    mov    r0, r19
                            	   949:    or     r0, CM_PASSWORD
                            	   950:    st     r0, (r18)
                            	   951:    b      not_empty\@
                            	   952: 
                            	   953: repeat_empty_ERRORE\@:
                            	   954:    mov    r0, (1 << HD_MAI_CTL_RST_MAI) | (1 << HD_MAI_CTL_ERRORF) | (1 << HD_MAI_CTL_ERRORE) | (1 << HD_MAI_CTL_DLATE)
                            	   955:    st     r0, (r7)    #clear ERRORE
                            	   956:    mov    r0, (1 << HD_MAI_CTL_ENABLE) | (2 << HD_MAI_CTL_CHNUM) | (1 << HD_MAI_CTL_WHOLSMP) | (1 << HD_MAI_CTL_CHALIGN
                            	   957:    st     r0, (r7)
                            	   958:    bl     SINGLE_WRITE_LEFT_RIGHT
                            	   959: repeat_empty\@:
                            	   960:    bset   r2, REPEAT_SAMPLE
                            	   961:    add    r23, 0x10000
                            	   962:    bclr   r23, 31   #max 32767
                            	   963:    st     r23, SMI_DROP_REPEAT_COUNT(r20)
                            	   964: not_empty\@:
                            	   965: 
                            	   966: .endm
                            	   967: 
                            	   968: .macro CHECK_OVERRUN
                            	   969:    # check for overrun
                            	   970:    cmp    r9, 0x20           #only check once per frame
                            	   971:    bne    not_full\@
                            	   972:    btst   r2, DROP_SAMPLE
                            	   973:    bne    not_full\@    #drop pending
                            	   974:    btst   r21, SMI_CTRL_BIT_DMA
                            	   975:    beq  not_dma_overrun\@
                            	   976: 
                            	   977:    ld     r0, (r10) #get dma pointer
                            	   978:    sub    r3, r14, r13  #buffer size
                            	   979:    cmp    r5, r0
                            	   980:    subge  r1, r5, r0
                            	   981:    bge    got_offset_over\@
                            	   982:    sub    r1, r0, r5
                            	   983:    sub    r1, r3, r1
                            	   984: got_offset_over\@:
                            	   985:    lsr    r3, 1
                            	   986:    sub    r1, r3
                            	   987:    st     r1, SMI_DMA_OFFSET(r20)
                            	   988:    cmp    r1, MAX_DMA_DRIFT_ERROR
                            	   989:    bgt    drop_full\@
                            	   990:    cmp    r1, MAX_DMA_DRIFT
                            	   991:    bgt    full\@
                            	   992:    b      not_full\@
                            	   993: 
                            	   994: not_dma_overrun\@:
                            	   995:    ld     r0, (r7)  #read MAI CTL
                            	   996:    btst   r0, HD_MAI_CTL_ERRORF
                            	   997:    bne    drop_full_ERRORF\@
                            	   998:    btst   r0, HD_MAI_CTL_FULL
                            	   999:    beq    not_full\@
                            	  1000: full\@:
                            	  1001:    btst   r21, SMI_CTRL_BIT_PLL_1
                            	  1002:    beq    drop_full\@
                            	  1003:    btst   r21, SMI_CTRL_BIT_PLL_0
                            	  1004:    beq    use_slow_pll_full\@
                            	  1005: 
                            	  1006: #   mov    r0, r19
                            	  1007: #   add    r0, PLL_OFFSET_FAST
                            	  1008:    add    r19, PLL_OFFSET_FAST
                            	  1009:    mov    r0, r19
                            	  1010:    or     r0, CM_PASSWORD
                            	  1011:    st     r0, (r18)
                            	  1012:    b      not_full\@
                            	  1013: 
                            	  1014: use_slow_pll_full\@:
                            	  1015:    add    r19, PLL_OFFSET_SLOW
                            	  1016:    mov    r0, r19
                            	  1017:    or     r0, CM_PASSWORD
                            	  1018:    st     r0, (r18)
                            	  1019:    b      not_full\@
                            	  1020: drop_full_ERRORF\@:
                            	  1021:    mov    r0, (1 << HD_MAI_CTL_RST_MAI) | (1 << HD_MAI_CTL_ERRORF) | (1 << HD_MAI_CTL_ERRORE) | (1 << HD_MAI_CTL_DLATE)
                            	  1022:    st     r0, (r7)    #clear ERRORF
                            	  1023:    mov    r0, (1 << HD_MAI_CTL_ENABLE) | (2 << HD_MAI_CTL_CHNUM) | (1 << HD_MAI_CTL_WHOLSMP) | (1 << HD_MAI_CTL_CHALIGN
                            	  1024:    st     r0, (r7)
                            	  1025:    bl     SINGLE_WRITE_LEFT_RIGHT
                            	  1026:    bset   r2, REPEAT_SAMPLE #as buffer flushed
                            	  1027:    b      dont_drop\@
                            	  1028: drop_full\@:
                            	  1029:    bset   r2, DROP_SAMPLE
                            	  1030: dont_drop\@:
                            	  1031:    add    r23, 1
                            	  1032:    bclr   r23, 15  #max 32767
                            	  1033:    st     r23, SMI_DROP_REPEAT_COUNT(r20)
                            	  1034: not_full\@:
                            	  1035: 
                            	  1036: .endm
                            	  1037: 
                            	  1038: 
                            	  1039: .macro WRITE_LEFT_RIGHT
                            	  1040:    bl     SINGLE_WRITE_LEFT_RIGHT
                            	  1041:    btst   r2, REPEAT_22Khz
                            	  1042:    beq    no_repeat_sample\@
                            	  1043:    bl     SINGLE_WRITE_LEFT_RIGHT
                            	  1044: no_repeat_sample\@:
                            	  1045: .endm
                            	  1046: 
                            	  1047: 
                            	  1048: .macro CAPTURE_AUDIO
                            	  1049:    HI_LRCLK
                            	  1050:    LO_LRCLK
                            	  1051:    b  audio_main_loop\@
                            	  1052: bad_sync_LR_high1\@:
                            	  1053: #WRITE_LEFT_RIGHT  using causes PLL trouble
                            	  1054:    LO_LRCLK
                            	  1055:    WRITE_LEFT_RIGHT
                            	  1056:    b  increment_error\@
                            	  1057: 
                            	  1058: bad_sync_LR_low1\@:
                            	  1059: #WRITE_LEFT_RIGHT  using causes PLL trouble
                            	  1060:    HI_LRCLK
                            	  1061:    LO_LRCLK
                            	  1062:    WRITE_LEFT_RIGHT
                            	  1063:    b  increment_error\@
                            	  1064: 
                            	  1065: bad_sync_LR_low2\@:
                            	  1066:    WRITE_LEFT_RIGHT   #removing causes PLL trouble
                            	  1067:    HI_LRCLK
                            	  1068:    LO_LRCLK
                            	  1069:    WRITE_LEFT_RIGHT
                            	  1070:    b  increment_error\@
                            	  1071: 
                            	  1072: bad_sync_LR_high2\@:
                            	  1073:    WRITE_LEFT_RIGHT
                            	  1074:    LO_LRCLK
                            	  1075:    WRITE_LEFT_RIGHT
                            	  1076: 
                            	  1077: increment_error\@:
                            	  1078:    add    r22, 1
                            	  1079:    bset   r2, LOG_FRAME_ERROR
                            	  1080: audio_main_loop\@:
                            	  1081: 
                            	  1082:    #capture first sample
                            	  1083:    #LR clock has just gone high
                            	  1084:    btst   r21, SMI_CTRL_BIT_RUN
                            	  1085:    beq    abort_audio            #destination not in macro
                            	  1086: 
                            	  1087:    mov    r3, 24
                            	  1088:    mov    r1, 0
                            	  1089:    mov    r8, 0 #parity count
                            	  1090: firstloop\@:
                            	  1091:    lsl    r1, 1
                            	  1092:    WAIT_FOR_DATA_BIT
                            	  1093: .if ONEGPIO
                            	  1094:    addne  r8, 1  #parity count
                            	  1095:    orne   r1, 1
                            	  1096: .else
                            	  1097:    addeq  r8, 1  #parity count
                            	  1098:    oreq   r1, 1
                            	  1099: .endif
                            	  1100:    sub    r3, 1
                            	  1101:    cmp    r3, 0
                            	  1102:    bne    firstloop\@
                            	  1103:    lsl    r1, 4
                            	  1104:    btst   r8, 0
                            	  1105:    bsetne r1, 31   # temp set parity bit if count is odd
                            	  1106: 
                            	  1107:    mov    r17, r1   #temp save
                            	  1108: 
                            	  1109:    WAIT_FOR_DATA_BIT
                            	  1110: 
                            	  1111:    CHECK_OVERRUN
                            	  1112: 
                            	  1113:    WAIT_FOR_DATA_BIT
                            	  1114: 
                            	  1115:    cmp    r9, BUFFER_CHECK_COUNT >> 1
                            	  1116:    bne    skip_update\@
                            	  1117:    ld     r21, SMI_CTRL(r20)      #update the control register
                            	  1118: skip_update\@:
                            	  1119: 
                            	  1120:    mov    r3, 4
                            	  1121: firstremain\@:
                            	  1122:    WAIT_FOR_DATA_BIT
                            	  1123:    sub    r3, 1
                            	  1124:    cmp    r3, 0
                            	  1125:    bne    firstremain\@
                            	  1126: 
                            	  1127:    cmp    r9, (BUFFER_CHECK_COUNT >> 1) + 0x10
                            	  1128:    bne    skip_log\@
                            	  1129:    btst   r2, LOG_FRAME_ERROR
                            	  1130:    beq    skip_log\@
                            	  1131:    st     r22, SMI_ERROR_COUNT(r20)
                            	  1132:    bclr   r2, LOG_FRAME_ERROR
                            	  1133: skip_log\@:
                            	  1134: 
                            	  1135:    WAIT_FOR_LR_BIT
                            	  1136: .if ONEGPIO
                            	  1137:    bne    bad_sync_LR_high1\@
                            	  1138: .else
                            	  1139:    beq    bad_sync_LR_high1\@
                            	  1140: .endif
                            	  1141:    WAIT_HI_ONEGPIO_ONLY
                            	  1142: 
                            	  1143:    WAIT_FOR_LR_BIT
                            	  1144: .if ONEGPIO
                            	  1145:    beq    bad_sync_LR_low1\@
                            	  1146: .else
                            	  1147:    bne    bad_sync_LR_low1\@
                            	  1148: .endif
                            	  1149:    mov    r1, r17
                            	  1150:    mov    r11, r1   #save in case of repeat
                            	  1151:    IEC958_STATUS
                            	  1152:    mov    r17, r1
                            	  1153:    WAIT_HI_ONEGPIO_ONLY
                            	  1154: 
                            	  1155:    #capture second sample
                            	  1156:    #LR clock has just gone low
                            	  1157:    mov    r3, 24
                            	  1158:    mov    r1, 0
                            	  1159:    mov    r8, 0 #parity count
                            	  1160: secondloop\@:
                            	  1161:    lsl    r1, 1
                            	  1162:    WAIT_FOR_DATA_BIT
                            	  1163: .if ONEGPIO
                            	  1164:    addne  r8, 1  #parity count
                            	  1165:    orne   r1, 1
                            	  1166: .else
                            	  1167:    addeq  r8, 1  #parity count
                            	  1168:    oreq   r1, 1
                            	  1169: .endif
                            	  1170:    sub    r3, 1
                            	  1171:    cmp    r3, 0
                            	  1172:    bne    secondloop\@
                            	  1173:    lsl    r1, 4
                            	  1174:    btst   r8, 0
                            	  1175:    bsetne r1, 31   # temp set parity bit if count is odd
                            	  1176:    mov    r24, r1   #temp save
                            	  1177: 
                            	  1178:    WAIT_FOR_DATA_BIT
                            	  1179: 
                            	  1180:    CHECK_UNDERRUN
                            	  1181: 
                            	  1182:    WAIT_FOR_DATA_BIT
                            	  1183: 
                            	  1184:    btst   r2, REPEAT_SAMPLE
                            	  1185:    beq    no_repeat_main\@
                            	  1186:    bl     SINGLE_WRITE_LEFT_RIGHT
                            	  1187:    bclr   r2, REPEAT_SAMPLE
                            	  1188: no_repeat_main\@:
                            	  1189: 
                            	  1190:    mov    r3, 4
                            	  1191: secondremain\@:
                            	  1192:    WAIT_FOR_DATA_BIT
                            	  1193:    sub    r3, 1
                            	  1194:    cmp    r3, 0
                            	  1195:    bne    secondremain\@
                            	  1196: 
                            	  1197:    mov    r1, r24
                            	  1198:    IEC958_STATUS
                            	  1199:    mov    r0, r24
                            	  1200:    mov    r24, r1   #temp save
                            	  1201:    mov    r1, r0
                            	  1202: 
                            	  1203:    WAIT_FOR_LR_BIT
                            	  1204: .if ONEGPIO
                            	  1205:    beq    bad_sync_LR_low2\@
                            	  1206: .else
                            	  1207:    bne    bad_sync_LR_low2\@
                            	  1208: .endif
                            	  1209: 
                            	  1210:    WAIT_HI_ONEGPIO_ONLY
                            	  1211: 
                            	  1212:    WAIT_FOR_LR_BIT
                            	  1213: .if ONEGPIO
                            	  1214:    bne    bad_sync_LR_high2\@
                            	  1215: .else
                            	  1216:    beq    bad_sync_LR_high2\@
                            	  1217: .endif
                            	  1218:    mov    r12, r1   #save in case of repeat
                            	  1219:    WAIT_HI_ONEGPIO_ONLY
                            	  1220: 
                            	  1221:    btst   r2, DROP_SAMPLE
                            	  1222:    bclrne r2, DROP_SAMPLE
                            	  1223:    bne    drop_main\@
                            	  1224: 
                            	  1225:    btst   r21, SMI_CTRL_BIT_MONO_RIGHT
                            	  1226:    movne  r1, r24
                            	  1227:    moveq  r1, r17
                            	  1228:    WRITE
                            	  1229:    btst   r21, SMI_CTRL_BIT_MONO_LEFT
                            	  1230:    movne  r1, r17
                            	  1231:    moveq  r1, r24
                            	  1232:    WRITE
                            	  1233:    add    r6, 1
                            	  1234:    cmp    r6, IEC958_FRAMES_PER_BLOCK
                            	  1235:    movge  r6, 0
                            	  1236: drop_main\@:
                            	  1237:    btst   r2, REPEAT_22Khz
                            	  1238:    beq    no_repeat_sample_main\@
                            	  1239:    bl     SINGLE_WRITE_LEFT_RIGHT
                            	  1240: no_repeat_sample_main\@:
                            	  1241: 
                            	  1242:    add    r9, 1
                            	  1243:    cmp    r9, BUFFER_CHECK_COUNT
                            	  1244:    movge  r9, 0
                            	  1245: 
                            	  1246:    b      audio_main_loop\@
                            	  1247: 
                            	  1248: 
                            	  1249: .endm
                            	  1250: 
                            	  1251: 
                            	  1252: 
                            	  1253: #start of audio capture
                            	  1254: vpu1:
                            	  1255: audio_capture:
00:00000860 9203            	  1256:    push   r0-r18,lr
                            	  1257: 
                            	  1258:    #r0 = gpio value
                            	  1259:    #r1 = sample value
                            	  1260:    #r2 = flags reg
                            	  1261:    #r3 = counter
                            	  1262:    #r4 = gpio address
                            	  1263:    #r5 = sample pointer
                            	  1264:    #r6 = frame counter
                            	  1265:    #r7 = MAI_CTRL pointer
                            	  1266:    #r8 = parity count
                            	  1267:    #r9 = overrun/underrun check counter
                            	  1268:    #r10 = DMA0POINTER
                            	  1269:    #r11 = copy of first sample
                            	  1270:    #r12 = copy of second sample
                            	  1271:    #r13 = low end of dma buffer
                            	  1272:    #r14 = high end of dma buffer
                            	  1273:    #r15 = audio data1 pin
                            	  1274:    #r16 = audio data2 pin
                            	  1275:    #r17 = temp save reg
                            	  1276:    #r18 = pointer to PLLD FRAC register
                            	  1277:    #r19 = original value of PLLD FRAC register
                            	  1278:    #r20 = pointer to SMI register block used for ARM communications
                            	  1279:    #r21 = current value of ARM control register
                            	  1280:    #r22 = frame error count
                            	  1281:    #r23 = drop and repeat counts (15 bits each)
                            	  1282:    #r24 = temp save reg
                            	  1283: 
                            	  1284:    #r25 = stack pointer
                            	  1285:    #r26 = link register
                            	  1286:    #r27 = ?
                            	  1287:    #r28 = stack pointer for exception handlers
                            	  1288:    #r29 = thread pointer
                            	  1289:    #r30 = status register
                            	  1290:    #r31 = program counter
                            	  1291: 
                            	  1292: # on entry r0 = code start, r1 = audio_1_pin, r2 = audio_2_pin, r3 = sample_repeat)
00:00000862 1F40            	  1293:    mov   r15, r1
00:00000864 10C00287        	  1294:    mov   r16, r2
00:00000868 3240            	  1295:    mov   r2, r3
                            	  1296: 
00:0000086A 04E80028007E    	  1297:    mov   r4, IC1_BASE
                            	  1298: 
00:00000870 0060            	  1299:    mov   r0, 0              #disable all irqs
00:00000872 4034            	  1300:    st    r0, IC_MASK_BASE(r4)
00:00000874 4035            	  1301:    st    r0, IC_MASK_BASE + 4(r4)
00:00000876 4036            	  1302:    st    r0, IC_MASK_BASE + 8(r4)
00:00000878 4037            	  1303:    st    r0, IC_MASK_BASE + 12(r4)
00:0000087A 4038            	  1304:    st    r0, IC_MASK_BASE + 16(r4)
00:0000087C 4039            	  1305:    st    r0, IC_MASK_BASE + 20(r4)
00:0000087E 403A            	  1306:    st    r0, IC_MASK_BASE + 24(r4)
00:00000880 403B            	  1307:    st    r0, IC_MASK_BASE + 28(r4)
                            	  1308: 
                            	  1309: .if INTERRUPTS
                            	  1310:    mov   r0, IC_GPIO_INT0_MASK_BITS
                            	  1311:    st    r0, IC_GPIO_INT0_MASK6(r4) #enable GPIO block 0 interrupt
                            	  1312: 
                            	  1313:    mov   r4, IC0_BASE
                            	  1314:    mov   r0, 0
                            	  1315:    st    r0, IC_GPIO_INT0_MASK6(r4)
                            	  1316: 
                            	  1317: .endif
                            	  1318: 
00:00000882 04E83400207E    	  1319:    mov    r4, GPLEV0
                            	  1320: 
                            	  1321: .if INTERRUPTS
                            	  1322:    mov    r0, (1 << CLOCK_BIT)
                            	  1323:    st     r0, (GPREN0-GPLEV0)(r4)
                            	  1324:    st     r0, (GPFEN0-GPLEV0)(r4)
                            	  1325: .endif
                            	  1326: 
00:00000888 14E81000607E    	  1327:    mov    r20, SMI_BASE
00:0000088E 0AE80C70007E    	  1328:    mov    r10, DMA0POINTER
                            	  1329: 
00:00000894 07E81480807E    	  1330:    mov    r7, HD_MAI_CTL
00:0000089A 12E84022107E    	  1331:    mov    r18, PLLD_FRAC
                            	  1332: 
                            	  1333: abort_audio:
00:000008A0 0060            	  1334:    mov    r0,0
00:000008A2 20A200A0        	  1335:    st     r0, SMI_CTRL(r20)
00:000008A6 20A204A0        	  1336:    st     r0, SMI_STATUS(r20)
00:000008AA 20A214A0        	  1337:    st     r0, SMI_ERROR_COUNT(r20)
00:000008AE 20A218A0        	  1338:    st     r0, SMI_DROP_REPEAT_COUNT(r20)
                            	  1339: 
00:000008B2 00A208A0        	  1340:    ld     r0, SMI_DEFAULT_PLLDFRAC(r20)
00:000008B6 A0E90000005A    	  1341:    or     r0, CM_PASSWORD
00:000008BC 20A20090        	  1342:    st     r0, (r18)
                            	  1343: 
                            	  1344: command_loop:
00:000008C0 0060            	  1345:    mov    r0,0
00:000008C2 20A204A0        	  1346:    st     r0, SMI_STATUS(r20)
                            	  1347: 
00:000008C6 01E800010000    	  1348:    mov    r1, 256
                            	  1349: sleep:
                            	  1350:    DELAY_NOP
00:000008CC 0100            	     1M    nop
00:000008CE 0100            	     2M    nop
00:000008D0 0100            	     3M    nop
00:000008D2 0100            	     4M    nop
00:000008D4 0100            	     5M    nop
00:000008D6 0100            	     6M    nop
                            	     7M 
00:000008D8 1166            	  1351:    sub   r1, 1
00:000008DA 016A            	  1352:    cmp   r1, 0
00:000008DC F818            	  1353:    bne   sleep
                            	  1354: 
00:000008DE 15A200A0        	  1355:    ld     r21, SMI_CTRL(r20)      #read the control register
00:000008E2 95C140AF        	  1356:    btst   r21, SMI_CTRL_BIT_RUN
00:000008E6 6D18            	  1357:    beq    command_loop
                            	  1358: 
00:000008E8 13A20090        	  1359:    ld     r19, (r18)    #get current PLLD FRAC register value
00:000008EC 0660            	  1360:    mov    r6,  0        #nFrame
00:000008EE 0960            	  1361:    mov    r9,  0        #overundercheck counter
00:000008F0 0B60            	  1362:    mov    r11, 0        #copy of first sample
00:000008F2 0C60            	  1363:    mov    r12, 0        #copy of second sample
00:000008F4 F272            	  1364:    bclr   r2, CLOCK_BIT #flags
00:000008F6 16C040B7        	  1365:    mov    r22, 0        #error count
00:000008FA 17C040BF        	  1366:    mov    r23, 0        #drop/rep count
00:000008FE 18C040C7        	  1367:    mov    r24, 0
                            	  1368: 
00:00000902 1060            	  1369:    mov    r0, 1
00:00000904 20A204A0        	  1370:    st     r0, SMI_STATUS(r20)   #set running bit
                            	  1371: 
                            	  1372:    # get buffer
00:00000908 0DA20CA0        	  1373:    ld     r13, SMI_BUFFER_START(r20)
00:0000090C 0EA210A0        	  1374:    ld     r14, SMI_BUFFER_END(r20)
                            	  1375: 
00:00000910 95C143AF        	  1376:    btst   r21, SMI_CTRL_BIT_DMA
00:00000914 0B18            	  1377:    beq    no_dma
00:00000916 A508            	  1378:    ld     r5, (r10) #get dma pointer
00:00000918 C3C00D77        	  1379:    sub    r3, r14, r13  #buffer size
00:0000091C 3040            	  1380:    mov    r0, r3
00:0000091E 107A            	  1381:    lsr    r0, 1
00:00000920 0542            	  1382:    add    r5, r0
00:00000922 354A            	  1383:    cmp    r5, r3
00:00000924 C5C0032D        	  1384:    subge  r5, r3
00:00000928 0A1F            	  1385:    b      use_dma
                            	  1386: no_dma:
00:0000092A D540            	  1387:    mov   r5, r13   #pointer to HDMI_MAI_DATA_BUS in non dma mode
                            	  1388:    #put some zero samples in the buffer
00:0000092C 8360            	  1389:    mov r3, 8 #half of buffer which is 0x11 pair writes
                            	  1390: fill:
00:0000092E 0B60            	  1391:    mov    r11, 0
00:00000930 0C60            	  1392:    mov    r12, 0
00:00000932 FF9F02FF        	  1393:    bl     SINGLE_WRITE_LEFT_RIGHT
00:00000936 1366            	  1394:    sub    r3, 1
00:00000938 036A            	  1395:    cmp    r3, 0
00:0000093A FA18            	  1396:    bne    fill
                            	  1397: 
                            	  1398: use_dma:
                            	  1399: 
                            	  1400: .if INTERRUPTS
                            	  1401:    ld     r0, (GPEDS0-GPLEV0)(r4)
                            	  1402:    st     r0, (GPEDS0-GPLEV0)(r4)  #clear any existing irq state
                            	  1403:    ei     #enable interrupts
                            	  1404: .endif
                            	  1405: 
00:0000093C 4FC1107F        	  1406:    cmp    r15, r16             # if data1 pin and data2 pin are the same then two GPIO capture
00:00000940 0090EE02        	  1407:    beq    one_gpio_capture
                            	  1408: 
                            	  1409: .set ONEGPIO, 0
                            	  1410:    CAPTURE_AUDIO
                            	     1M    HI_LRCLK
                            	     1M .if ONEGPIO
                            	     2M waitLRCH2118:
                            	     3M    HI_BITCLK
                            	     4M    LO_BITCLK_FOR_LR_BIT
                            	     5M    beq    waitLRCH2118
                            	     6M    HI_BITCLK
                            	     7M .else
                            	     8M waitLRCH118:
                            	     9M    WAIT_EDGE_FOR_LR_BIT
                            	     1M waitBCH119:
00:00000944 4008            	     2M    ld     r0, (r4)
                            	     3M    DELAY_NOP
00:00000946 0100            	     1M    nop
00:00000948 0100            	     2M    nop
00:0000094A 0100            	     3M    nop
00:0000094C 0100            	     4M    nop
00:0000094E 0100            	     5M    nop
00:00000950 0100            	     6M    nop
                            	     7M 
00:00000952 2045            	     4M    eor    r0, r2
00:00000954 F06C            	     5M    btst   r0, CLOCK_BIT
00:00000956 7718            	     6M    beq    waitBCH119
00:00000958 4008            	     7M    ld     r0, (r4)     #second read for settle delay
00:0000095A F274            	     8M    bchg   r2, CLOCK_BIT
00:0000095C 80C11007        	     9M    btst   r0, r16
00:00000960 F218            	    10M    bne    waitLRCH118
                            	    11M .endif
                            	     2M    LO_LRCLK
                            	     1M .if ONEGPIO
                            	     2M waitLRCL2121:
                            	     3M    HI_BITCLK
                            	     4M    LO_BITCLK_FOR_LR_BIT
                            	     5M    bne    waitLRCL2121
                            	     6M    HI_BITCLK
                            	     7M .else
                            	     8M waitLRCL121:
                            	     9M    WAIT_EDGE_FOR_LR_BIT
                            	     1M waitBCH122:
00:00000962 4008            	     2M    ld     r0, (r4)
                            	     3M    DELAY_NOP
00:00000964 0100            	     1M    nop
00:00000966 0100            	     2M    nop
00:00000968 0100            	     3M    nop
00:0000096A 0100            	     4M    nop
00:0000096C 0100            	     5M    nop
00:0000096E 0100            	     6M    nop
                            	     7M 
00:00000970 2045            	     4M    eor    r0, r2
00:00000972 F06C            	     5M    btst   r0, CLOCK_BIT
00:00000974 7718            	     6M    beq    waitBCH122
00:00000976 4008            	     7M    ld     r0, (r4)     #second read for settle delay
00:00000978 F274            	     8M    bchg   r2, CLOCK_BIT
00:0000097A 80C11007        	     9M    btst   r0, r16
00:0000097E 7218            	    10M    beq    waitLRCL121
                            	    11M .endif
00:00000980 009E8800        	     3M    b  audio_main_loop117
                            	     4M bad_sync_LR_high1117:
                            	     5M #WRITE_LEFT_RIGHT  using causes PLL trouble
                            	     6M    LO_LRCLK
                            	     1M .if ONEGPIO
                            	     2M waitLRCL2124:
                            	     3M    HI_BITCLK
                            	     4M    LO_BITCLK_FOR_LR_BIT
                            	     5M    bne    waitLRCL2124
                            	     6M    HI_BITCLK
                            	     7M .else
                            	     8M waitLRCL124:
                            	     9M    WAIT_EDGE_FOR_LR_BIT
                            	     1M waitBCH125:
00:00000984 4008            	     2M    ld     r0, (r4)
                            	     3M    DELAY_NOP
00:00000986 0100            	     1M    nop
00:00000988 0100            	     2M    nop
00:0000098A 0100            	     3M    nop
00:0000098C 0100            	     4M    nop
00:0000098E 0100            	     5M    nop
00:00000990 0100            	     6M    nop
                            	     7M 
00:00000992 2045            	     4M    eor    r0, r2
00:00000994 F06C            	     5M    btst   r0, CLOCK_BIT
00:00000996 7718            	     6M    beq    waitBCH125
00:00000998 4008            	     7M    ld     r0, (r4)     #second read for settle delay
00:0000099A F274            	     8M    bchg   r2, CLOCK_BIT
00:0000099C 80C11007        	     9M    btst   r0, r16
00:000009A0 7218            	    10M    beq    waitLRCL124
                            	    11M .endif
                            	     7M    WRITE_LEFT_RIGHT
00:000009A2 FF9FCAFE        	     1M    bl     SINGLE_WRITE_LEFT_RIGHT
00:000009A6 026C            	     2M    btst   r2, REPEAT_22Khz
00:000009A8 0318            	     3M    beq    no_repeat_sample127
00:000009AA FF9FC6FE        	     4M    bl     SINGLE_WRITE_LEFT_RIGHT
                            	     5M no_repeat_sample127:
00:000009AE 009E6E00        	     8M    b  increment_error117
                            	     9M 
                            	    10M bad_sync_LR_low1117:
                            	    11M #WRITE_LEFT_RIGHT  using causes PLL trouble
                            	    12M    HI_LRCLK
                            	     1M .if ONEGPIO
                            	     2M waitLRCH2128:
                            	     3M    HI_BITCLK
                            	     4M    LO_BITCLK_FOR_LR_BIT
                            	     5M    beq    waitLRCH2128
                            	     6M    HI_BITCLK
                            	     7M .else
                            	     8M waitLRCH128:
                            	     9M    WAIT_EDGE_FOR_LR_BIT
                            	     1M waitBCH129:
00:000009B2 4008            	     2M    ld     r0, (r4)
                            	     3M    DELAY_NOP
00:000009B4 0100            	     1M    nop
00:000009B6 0100            	     2M    nop
00:000009B8 0100            	     3M    nop
00:000009BA 0100            	     4M    nop
00:000009BC 0100            	     5M    nop
00:000009BE 0100            	     6M    nop
                            	     7M 
00:000009C0 2045            	     4M    eor    r0, r2
00:000009C2 F06C            	     5M    btst   r0, CLOCK_BIT
00:000009C4 7718            	     6M    beq    waitBCH129
00:000009C6 4008            	     7M    ld     r0, (r4)     #second read for settle delay
00:000009C8 F274            	     8M    bchg   r2, CLOCK_BIT
00:000009CA 80C11007        	     9M    btst   r0, r16
00:000009CE F218            	    10M    bne    waitLRCH128
                            	    11M .endif
                            	    13M    LO_LRCLK
                            	     1M .if ONEGPIO
                            	     2M waitLRCL2131:
                            	     3M    HI_BITCLK
                            	     4M    LO_BITCLK_FOR_LR_BIT
                            	     5M    bne    waitLRCL2131
                            	     6M    HI_BITCLK
                            	     7M .else
                            	     8M waitLRCL131:
                            	     9M    WAIT_EDGE_FOR_LR_BIT
                            	     1M waitBCH132:
00:000009D0 4008            	     2M    ld     r0, (r4)
                            	     3M    DELAY_NOP
00:000009D2 0100            	     1M    nop
00:000009D4 0100            	     2M    nop
00:000009D6 0100            	     3M    nop
00:000009D8 0100            	     4M    nop
00:000009DA 0100            	     5M    nop
00:000009DC 0100            	     6M    nop
                            	     7M 
00:000009DE 2045            	     4M    eor    r0, r2
00:000009E0 F06C            	     5M    btst   r0, CLOCK_BIT
00:000009E2 7718            	     6M    beq    waitBCH132
00:000009E4 4008            	     7M    ld     r0, (r4)     #second read for settle delay
00:000009E6 F274            	     8M    bchg   r2, CLOCK_BIT
00:000009E8 80C11007        	     9M    btst   r0, r16
00:000009EC 7218            	    10M    beq    waitLRCL131
                            	    11M .endif
                            	    14M    WRITE_LEFT_RIGHT
00:000009EE FF9FA4FE        	     1M    bl     SINGLE_WRITE_LEFT_RIGHT
00:000009F2 026C            	     2M    btst   r2, REPEAT_22Khz
00:000009F4 0318            	     3M    beq    no_repeat_sample134
00:000009F6 FF9FA0FE        	     4M    bl     SINGLE_WRITE_LEFT_RIGHT
                            	     5M no_repeat_sample134:
00:000009FA 009E4800        	    15M    b  increment_error117
                            	    16M 
                            	    17M bad_sync_LR_low2117:
                            	    18M    WRITE_LEFT_RIGHT   #removing causes PLL trouble
00:000009FE FF9F9CFE        	     1M    bl     SINGLE_WRITE_LEFT_RIGHT
00:00000A02 026C            	     2M    btst   r2, REPEAT_22Khz
00:00000A04 0318            	     3M    beq    no_repeat_sample135
00:00000A06 FF9F98FE        	     4M    bl     SINGLE_WRITE_LEFT_RIGHT
                            	     5M no_repeat_sample135:
                            	    19M    HI_LRCLK
                            	     1M .if ONEGPIO
                            	     2M waitLRCH2136:
                            	     3M    HI_BITCLK
                            	     4M    LO_BITCLK_FOR_LR_BIT
                            	     5M    beq    waitLRCH2136
                            	     6M    HI_BITCLK
                            	     7M .else
                            	     8M waitLRCH136:
                            	     9M    WAIT_EDGE_FOR_LR_BIT
                            	     1M waitBCH137:
00:00000A0A 4008            	     2M    ld     r0, (r4)
                            	     3M    DELAY_NOP
00:00000A0C 0100            	     1M    nop
00:00000A0E 0100            	     2M    nop
00:00000A10 0100            	     3M    nop
00:00000A12 0100            	     4M    nop
00:00000A14 0100            	     5M    nop
00:00000A16 0100            	     6M    nop
                            	     7M 
00:00000A18 2045            	     4M    eor    r0, r2
00:00000A1A F06C            	     5M    btst   r0, CLOCK_BIT
00:00000A1C 7718            	     6M    beq    waitBCH137
00:00000A1E 4008            	     7M    ld     r0, (r4)     #second read for settle delay
00:00000A20 F274            	     8M    bchg   r2, CLOCK_BIT
00:00000A22 80C11007        	     9M    btst   r0, r16
00:00000A26 F218            	    10M    bne    waitLRCH136
                            	    11M .endif
                            	    20M    LO_LRCLK
                            	     1M .if ONEGPIO
                            	     2M waitLRCL2139:
                            	     3M    HI_BITCLK
                            	     4M    LO_BITCLK_FOR_LR_BIT
                            	     5M    bne    waitLRCL2139
                            	     6M    HI_BITCLK
                            	     7M .else
                            	     8M waitLRCL139:
                            	     9M    WAIT_EDGE_FOR_LR_BIT
                            	     1M waitBCH140:
00:00000A28 4008            	     2M    ld     r0, (r4)
                            	     3M    DELAY_NOP
00:00000A2A 0100            	     1M    nop
00:00000A2C 0100            	     2M    nop
00:00000A2E 0100            	     3M    nop
00:00000A30 0100            	     4M    nop
00:00000A32 0100            	     5M    nop
00:00000A34 0100            	     6M    nop
                            	     7M 
00:00000A36 2045            	     4M    eor    r0, r2
00:00000A38 F06C            	     5M    btst   r0, CLOCK_BIT
00:00000A3A 7718            	     6M    beq    waitBCH140
00:00000A3C 4008            	     7M    ld     r0, (r4)     #second read for settle delay
00:00000A3E F274            	     8M    bchg   r2, CLOCK_BIT
00:00000A40 80C11007        	     9M    btst   r0, r16
00:00000A44 7218            	    10M    beq    waitLRCL139
                            	    11M .endif
                            	    21M    WRITE_LEFT_RIGHT
00:00000A46 FF9F78FE        	     1M    bl     SINGLE_WRITE_LEFT_RIGHT
00:00000A4A 026C            	     2M    btst   r2, REPEAT_22Khz
00:00000A4C 0318            	     3M    beq    no_repeat_sample142
00:00000A4E FF9F74FE        	     4M    bl     SINGLE_WRITE_LEFT_RIGHT
                            	     5M no_repeat_sample142:
00:00000A52 1C1F            	    22M    b  increment_error117
                            	    23M 
                            	    24M bad_sync_LR_high2117:
                            	    25M    WRITE_LEFT_RIGHT
00:00000A54 FF9F71FE        	     1M    bl     SINGLE_WRITE_LEFT_RIGHT
00:00000A58 026C            	     2M    btst   r2, REPEAT_22Khz
00:00000A5A 0318            	     3M    beq    no_repeat_sample143
00:00000A5C FF9F6DFE        	     4M    bl     SINGLE_WRITE_LEFT_RIGHT
                            	     5M no_repeat_sample143:
                            	    26M    LO_LRCLK
                            	     1M .if ONEGPIO
                            	     2M waitLRCL2144:
                            	     3M    HI_BITCLK
                            	     4M    LO_BITCLK_FOR_LR_BIT
                            	     5M    bne    waitLRCL2144
                            	     6M    HI_BITCLK
                            	     7M .else
                            	     8M waitLRCL144:
                            	     9M    WAIT_EDGE_FOR_LR_BIT
                            	     1M waitBCH145:
00:00000A60 4008            	     2M    ld     r0, (r4)
                            	     3M    DELAY_NOP
00:00000A62 0100            	     1M    nop
00:00000A64 0100            	     2M    nop
00:00000A66 0100            	     3M    nop
00:00000A68 0100            	     4M    nop
00:00000A6A 0100            	     5M    nop
00:00000A6C 0100            	     6M    nop
                            	     7M 
00:00000A6E 2045            	     4M    eor    r0, r2
00:00000A70 F06C            	     5M    btst   r0, CLOCK_BIT
00:00000A72 7718            	     6M    beq    waitBCH145
00:00000A74 4008            	     7M    ld     r0, (r4)     #second read for settle delay
00:00000A76 F274            	     8M    bchg   r2, CLOCK_BIT
00:00000A78 80C11007        	     9M    btst   r0, r16
00:00000A7C 7218            	    10M    beq    waitLRCL144
                            	    11M .endif
                            	    27M    WRITE_LEFT_RIGHT
00:00000A7E FF9F5CFE        	     1M    bl     SINGLE_WRITE_LEFT_RIGHT
00:00000A82 026C            	     2M    btst   r2, REPEAT_22Khz
00:00000A84 0318            	     3M    beq    no_repeat_sample147
00:00000A86 FF9F58FE        	     4M    bl     SINGLE_WRITE_LEFT_RIGHT
                            	     5M no_repeat_sample147:
                            	    28M 
                            	    29M increment_error117:
00:00000A8A 56C041B7        	    30M    add    r22, 1
00:00000A8E 9271            	    31M    bset   r2, LOG_FRAME_ERROR
                            	    32M audio_main_loop117:
                            	    33M 
                            	    34M    #capture first sample
                            	    35M    #LR clock has just gone high
00:00000A90 95C140AF        	    36M    btst   r21, SMI_CTRL_BIT_RUN
00:00000A94 7F9006FF        	    37M    beq    abort_audio            #destination not in macro
                            	    38M 
00:00000A98 8361            	    39M    mov    r3, 24
00:00000A9A 0160            	    40M    mov    r1, 0
00:00000A9C 0860            	    41M    mov    r8, 0 #parity count
                            	    42M firstloop117:
00:00000A9E 117C            	    43M    lsl    r1, 1
                            	    44M    WAIT_FOR_DATA_BIT
                            	     1M .if ONEGPIO
                            	     2M    LO_BITCLK
                            	     3M    HI_BITCLK_FOR_DATA_BIT
                            	     4M .else
                            	     5M    WAIT_EDGE_FOR_DATA_BIT
                            	     1M waitBCH149:
00:00000AA0 4008            	     2M    ld     r0, (r4)
                            	     3M    DELAY_NOP
00:00000AA2 0100            	     1M    nop
00:00000AA4 0100            	     2M    nop
00:00000AA6 0100            	     3M    nop
00:00000AA8 0100            	     4M    nop
00:00000AAA 0100            	     5M    nop
00:00000AAC 0100            	     6M    nop
                            	     7M 
00:00000AAE 2045            	     4M    eor    r0, r2
00:00000AB0 F06C            	     5M    btst   r0, CLOCK_BIT
00:00000AB2 7718            	     6M    beq    waitBCH149
00:00000AB4 4008            	     7M    ld     r0, (r4)     #second read for settle delay
00:00000AB6 F274            	     8M    bchg   r2, CLOCK_BIT
00:00000AB8 F04C            	     9M    btst   r0, r15 # DATABIT
                            	     6M .endif
                            	    45M .if ONEGPIO
                            	    46M    addne  r8, 1  #parity count
                            	    47M    orne   r1, 1
                            	    48M .else
00:00000ABA 48C04140        	    49M    addeq  r8, 1  #parity count
00:00000ABE A1C14108        	    50M    oreq   r1, 1
                            	    51M .endif
00:00000AC2 1366            	    52M    sub    r3, 1
00:00000AC4 036A            	    53M    cmp    r3, 0
00:00000AC6 EC18            	    54M    bne    firstloop117
00:00000AC8 417C            	    55M    lsl    r1, 4
00:00000ACA 086C            	    56M    btst   r8, 0
00:00000ACC 01C2DF08        	    57M    bsetne r1, 31   # temp set parity bit if count is odd
                            	    58M 
00:00000AD0 11C0018F        	    59M    mov    r17, r1   #temp save
                            	    60M 
                            	    61M    WAIT_FOR_DATA_BIT
                            	     1M .if ONEGPIO
                            	     2M    LO_BITCLK
                            	     3M    HI_BITCLK_FOR_DATA_BIT
                            	     4M .else
                            	     5M    WAIT_EDGE_FOR_DATA_BIT
                            	     1M waitBCH152:
00:00000AD4 4008            	     2M    ld     r0, (r4)
                            	     3M    DELAY_NOP
00:00000AD6 0100            	     1M    nop
00:00000AD8 0100            	     2M    nop
00:00000ADA 0100            	     3M    nop
00:00000ADC 0100            	     4M    nop
00:00000ADE 0100            	     5M    nop
00:00000AE0 0100            	     6M    nop
                            	     7M 
00:00000AE2 2045            	     4M    eor    r0, r2
00:00000AE4 F06C            	     5M    btst   r0, CLOCK_BIT
00:00000AE6 7718            	     6M    beq    waitBCH152
00:00000AE8 4008            	     7M    ld     r0, (r4)     #second read for settle delay
00:00000AEA F274            	     8M    bchg   r2, CLOCK_BIT
00:00000AEC F04C            	     9M    btst   r0, r15 # DATABIT
                            	     6M .endif
                            	    62M 
                            	    63M    CHECK_OVERRUN
                            	     1M    # check for overrun
00:00000AEE 49E920000000    	     2M    cmp    r9, 0x20           #only check once per frame
00:00000AF4 00915300        	     3M    bne    not_full154
00:00000AF8 E26D            	     4M    btst   r2, DROP_SAMPLE
00:00000AFA 00915000        	     5M    bne    not_full154    #drop pending
00:00000AFE 95C143AF        	     6M    btst   r21, SMI_CTRL_BIT_DMA
00:00000B02 1918            	     7M    beq  not_dma_overrun154
                            	     8M 
00:00000B04 A008            	     9M    ld     r0, (r10) #get dma pointer
00:00000B06 C3C00D77        	    10M    sub    r3, r14, r13  #buffer size
00:00000B0A 054A            	    11M    cmp    r5, r0
00:00000B0C C1C0002D        	    12M    subge  r1, r5, r0
00:00000B10 051D            	    13M    bge    got_offset_over154
00:00000B12 C1C00507        	    14M    sub    r1, r0, r5
00:00000B16 C1C0011F        	    15M    sub    r1, r3, r1
                            	    16M got_offset_over154:
00:00000B1A 137A            	    17M    lsr    r3, 1
00:00000B1C 3146            	    18M    sub    r1, r3
00:00000B1E 21A21CA0        	    19M    st     r1, SMI_DMA_OFFSET(r20)
00:00000B22 41E990000000    	    20M    cmp    r1, MAX_DMA_DRIFT_ERROR
00:00000B28 321E            	    21M    bgt    drop_full154
00:00000B2A 41E970000000    	    22M    cmp    r1, MAX_DMA_DRIFT
00:00000B30 071E            	    23M    bgt    full154
00:00000B32 341F            	    24M    b      not_full154
                            	    25M 
                            	    26M not_dma_overrun154:
00:00000B34 7008            	    27M    ld     r0, (r7)  #read MAI CTL
00:00000B36 106C            	    28M    btst   r0, HD_MAI_CTL_ERRORF
00:00000B38 9E18            	    29M    bne    drop_full_ERRORF154
00:00000B3A B06C            	    30M    btst   r0, HD_MAI_CTL_FULL
00:00000B3C 2F18            	    31M    beq    not_full154
                            	    32M full154:
00:00000B3E 95C142AF        	    33M    btst   r21, SMI_CTRL_BIT_PLL_1
00:00000B42 2518            	    34M    beq    drop_full154
00:00000B44 95C141AF        	    35M    btst   r21, SMI_CTRL_BIT_PLL_0
00:00000B48 0C18            	    36M    beq    use_slow_pll_full154
                            	    37M 
                            	    38M #   mov    r0, r19
                            	    39M #   add    r0, PLL_OFFSET_FAST
00:00000B4A 53E820000000    	    40M    add    r19, PLL_OFFSET_FAST
00:00000B50 00C01307        	    41M    mov    r0, r19
00:00000B54 A0E90000005A    	    42M    or     r0, CM_PASSWORD
00:00000B5A 20A20090        	    43M    st     r0, (r18)
00:00000B5E 1E1F            	    44M    b      not_full154
                            	    45M 
                            	    46M use_slow_pll_full154:
00:00000B60 53C0429F        	    47M    add    r19, PLL_OFFSET_SLOW
00:00000B64 00C01307        	    48M    mov    r0, r19
00:00000B68 A0E90000005A    	    49M    or     r0, CM_PASSWORD
00:00000B6E 20A20090        	    50M    st     r0, (r18)
00:00000B72 141F            	    51M    b      not_full154
                            	    52M drop_full_ERRORF154:
00:00000B74 00E807820000    	    53M    mov    r0, (1 << HD_MAI_CTL_RST_MAI) | (1 << HD_MAI_CTL_ERRORF) | (1 << HD_MAI_CTL_ERRORE) | (1 << HD_MAI_CTL_DLATE)
00:00000B7A 7009            	    54M    st     r0, (r7)    #clear ERRORF
00:00000B7C 00E828300000    	    55M    mov    r0, (1 << HD_MAI_CTL_ENABLE) | (2 << HD_MAI_CTL_CHNUM) | (1 << HD_MAI_CTL_WHOLSMP) | (1 << HD_MAI_CTL_CHALIGN
00:00000B82 7009            	    56M    st     r0, (r7)
00:00000B84 FF9FD9FD        	    57M    bl     SINGLE_WRITE_LEFT_RIGHT
00:00000B88 F271            	    58M    bset   r2, REPEAT_SAMPLE #as buffer flushed
00:00000B8A 021F            	    59M    b      dont_drop154
                            	    60M drop_full154:
00:00000B8C E271            	    61M    bset   r2, DROP_SAMPLE
                            	    62M dont_drop154:
00:00000B8E 57C041BF        	    63M    add    r23, 1
00:00000B92 57C24FBF        	    64M    bclr   r23, 15  #max 32767
00:00000B96 37A218A0        	    65M    st     r23, SMI_DROP_REPEAT_COUNT(r20)
                            	    66M not_full154:
                            	    67M 
                            	    64M 
                            	    65M    WAIT_FOR_DATA_BIT
                            	     1M .if ONEGPIO
                            	     2M    LO_BITCLK
                            	     3M    HI_BITCLK_FOR_DATA_BIT
                            	     4M .else
                            	     5M    WAIT_EDGE_FOR_DATA_BIT
                            	     1M waitBCH156:
00:00000B9A 4008            	     2M    ld     r0, (r4)
                            	     3M    DELAY_NOP
00:00000B9C 0100            	     1M    nop
00:00000B9E 0100            	     2M    nop
00:00000BA0 0100            	     3M    nop
00:00000BA2 0100            	     4M    nop
00:00000BA4 0100            	     5M    nop
00:00000BA6 0100            	     6M    nop
                            	     7M 
00:00000BA8 2045            	     4M    eor    r0, r2
00:00000BAA F06C            	     5M    btst   r0, CLOCK_BIT
00:00000BAC 7718            	     6M    beq    waitBCH156
00:00000BAE 4008            	     7M    ld     r0, (r4)     #second read for settle delay
00:00000BB0 F274            	     8M    bchg   r2, CLOCK_BIT
00:00000BB2 F04C            	     9M    btst   r0, r15 # DATABIT
                            	     6M .endif
                            	    66M 
00:00000BB4 49E9C0000000    	    67M    cmp    r9, BUFFER_CHECK_COUNT >> 1
00:00000BBA 8318            	    68M    bne    skip_update117
00:00000BBC 15A200A0        	    69M    ld     r21, SMI_CTRL(r20)      #update the control register
                            	    70M skip_update117:
                            	    71M 
00:00000BC0 4360            	    72M    mov    r3, 4
                            	    73M firstremain117:
                            	    74M    WAIT_FOR_DATA_BIT
                            	     1M .if ONEGPIO
                            	     2M    LO_BITCLK
                            	     3M    HI_BITCLK_FOR_DATA_BIT
                            	     4M .else
                            	     5M    WAIT_EDGE_FOR_DATA_BIT
                            	     1M waitBCH159:
00:00000BC2 4008            	     2M    ld     r0, (r4)
                            	     3M    DELAY_NOP
00:00000BC4 0100            	     1M    nop
00:00000BC6 0100            	     2M    nop
00:00000BC8 0100            	     3M    nop
00:00000BCA 0100            	     4M    nop
00:00000BCC 0100            	     5M    nop
00:00000BCE 0100            	     6M    nop
                            	     7M 
00:00000BD0 2045            	     4M    eor    r0, r2
00:00000BD2 F06C            	     5M    btst   r0, CLOCK_BIT
00:00000BD4 7718            	     6M    beq    waitBCH159
00:00000BD6 4008            	     7M    ld     r0, (r4)     #second read for settle delay
00:00000BD8 F274            	     8M    bchg   r2, CLOCK_BIT
00:00000BDA F04C            	     9M    btst   r0, r15 # DATABIT
                            	     6M .endif
00:00000BDC 1366            	    75M    sub    r3, 1
00:00000BDE 036A            	    76M    cmp    r3, 0
00:00000BE0 F118            	    77M    bne    firstremain117
                            	    78M 
00:00000BE2 49E9D0000000    	    79M    cmp    r9, (BUFFER_CHECK_COUNT >> 1) + 0x10
00:00000BE8 8618            	    80M    bne    skip_log117
00:00000BEA 926D            	    81M    btst   r2, LOG_FRAME_ERROR
00:00000BEC 0418            	    82M    beq    skip_log117
00:00000BEE 36A214A0        	    83M    st     r22, SMI_ERROR_COUNT(r20)
00:00000BF2 9273            	    84M    bclr   r2, LOG_FRAME_ERROR
                            	    85M skip_log117:
                            	    86M 
                            	    87M    WAIT_FOR_LR_BIT
                            	     1M .if ONEGPIO
                            	     2M    LO_BITCLK_FOR_LR_BIT
                            	     3M .else
                            	     4M    WAIT_EDGE_FOR_LR_BIT
                            	     1M waitBCH162:
00:00000BF4 4008            	     2M    ld     r0, (r4)
                            	     3M    DELAY_NOP
00:00000BF6 0100            	     1M    nop
00:00000BF8 0100            	     2M    nop
00:00000BFA 0100            	     3M    nop
00:00000BFC 0100            	     4M    nop
00:00000BFE 0100            	     5M    nop
00:00000C00 0100            	     6M    nop
                            	     7M 
00:00000C02 2045            	     4M    eor    r0, r2
00:00000C04 F06C            	     5M    btst   r0, CLOCK_BIT
00:00000C06 7718            	     6M    beq    waitBCH162
00:00000C08 4008            	     7M    ld     r0, (r4)     #second read for settle delay
00:00000C0A F274            	     8M    bchg   r2, CLOCK_BIT
00:00000C0C 80C11007        	     9M    btst   r0, r16
                            	     5M .endif
                            	    88M .if ONEGPIO
                            	    89M    bne    bad_sync_LR_high1117
                            	    90M .else
00:00000C10 7F90BAFE        	    91M    beq    bad_sync_LR_high1117
                            	    92M .endif
                            	    93M    WAIT_HI_ONEGPIO_ONLY
                            	     1M .if ONEGPIO
                            	     2M    HI_BITCLK
                            	     3M .endif
                            	    94M 
                            	    95M    WAIT_FOR_LR_BIT
                            	     1M .if ONEGPIO
                            	     2M    LO_BITCLK_FOR_LR_BIT
                            	     3M .else
                            	     4M    WAIT_EDGE_FOR_LR_BIT
                            	     1M waitBCH166:
00:00000C14 4008            	     2M    ld     r0, (r4)
                            	     3M    DELAY_NOP
00:00000C16 0100            	     1M    nop
00:00000C18 0100            	     2M    nop
00:00000C1A 0100            	     3M    nop
00:00000C1C 0100            	     4M    nop
00:00000C1E 0100            	     5M    nop
00:00000C20 0100            	     6M    nop
                            	     7M 
00:00000C22 2045            	     4M    eor    r0, r2
00:00000C24 F06C            	     5M    btst   r0, CLOCK_BIT
00:00000C26 7718            	     6M    beq    waitBCH166
00:00000C28 4008            	     7M    ld     r0, (r4)     #second read for settle delay
00:00000C2A F274            	     8M    bchg   r2, CLOCK_BIT
00:00000C2C 80C11007        	     9M    btst   r0, r16
                            	     5M .endif
                            	    96M .if ONEGPIO
                            	    97M    beq    bad_sync_LR_low1117
                            	    98M .else
00:00000C30 7F91C1FE        	    99M    bne    bad_sync_LR_low1117
                            	   100M .endif
00:00000C34 01C0110F        	   101M    mov    r1, r17
00:00000C38 1B40            	   102M    mov    r11, r1   #save in case of repeat
                            	   103M    IEC958_STATUS
                            	     1M 
                            	     2M     #byte 0 = 0x04   - bits 0-7,   bit 2 set   // consumer, PCM, no copyright, no pre-emphasis
                            	     3M     #byte 1 = 0x00   - bits 8-15                // category (general mode)
                            	     4M     #byte 2 = 0x00   - bits 16-23              // source number, take no account of channel number
                            	     5M     #byte 3 = 0x02   - bits 24-31  bit 25 set    // sampling frequency uchFS = 2 = 48000
                            	     6M     #byte 4 = 0xDB   - bits 32-39  0b1011 | (13 << 4) bits 1101 1011   bits 32, 33, 35, 36, 38, 39      // 24 bit sampl
                            	     7M 
00:00000C3A 066A            	     8M     cmp    r6, 0
00:00000C3C A1C14F08        	     9M     oreq   r1, IEC958_B_FRAME_PREAMBLE
00:00000C40 46E928000000    	    10M     cmp r6, (IEC958_STATUS_BYTES * 8)
00:00000C46 191D            	    11M     bge    no_status_bytes168
00:00000C48 266A            	    12M     cmp   r6, 2
00:00000C4A 46C1D930        	    13M     cmpne r6, 25
00:00000C4E 01C25E08        	    14M     bseteq r1, 30
00:00000C52 C6E820000000    	    15M     sub   r6, 32
00:00000C58 066A            	    16M     cmp   r6, (32 - 32)
00:00000C5A 46C1C130        	    17M     cmpne r6, (33 - 32)
00:00000C5E 46C1C330        	    18M     cmpne r6, (35 - 32)
00:00000C62 46C1C430        	    19M     cmpne r6, (36 - 32)
00:00000C66 46C1C630        	    20M     cmpne r6, (38 - 32)
00:00000C6A 46C1C730        	    21M     cmpne r6, (39 - 32)
00:00000C6E 01C25E08        	    22M     bseteq r1, 30
00:00000C72 46E820000000    	    23M     add   r6, 32
                            	    24M no_status_bytes168:
00:00000C78 0860            	    25M     mov    r8, 0
00:00000C7A F16D            	    26M     btst   r1, 31  #test existing parity count
00:00000C7C 08C0C140        	    27M     movne  r8, 1
00:00000C80 F173            	    28M     bclr   r1, 31
                            	    29M 
00:00000C82 016C            	    30M     btst   r1, 0
00:00000C84 48C0C140        	    31M     addne  r8, 1
00:00000C88 116C            	    32M     btst   r1, 1
00:00000C8A 48C0C140        	    33M     addne  r8, 1
00:00000C8E 216C            	    34M     btst   r1, 2
00:00000C90 48C0C140        	    35M     addne  r8, 1
00:00000C94 316C            	    36M     btst   r1, 3
00:00000C96 48C0C140        	    37M     addne  r8, 1
00:00000C9A C16D            	    38M     btst   r1, 28
00:00000C9C 48C0C140        	    39M     addne  r8, 1
00:00000CA0 D16D            	    40M     btst   r1, 29
00:00000CA2 48C0C140        	    41M     addne  r8, 1
00:00000CA6 E16D            	    42M     btst   r1, 30
00:00000CA8 48C0C140        	    43M     addne  r8, 1
                            	    44M 
00:00000CAC 086C            	    45M     btst   r8, 0
00:00000CAE 01C2DF08        	    46M     bsetne r1, 31   # set parity bit as count is odd
                            	    47M 
00:00000CB2 11C0018F        	   104M    mov    r17, r1
                            	   105M    WAIT_HI_ONEGPIO_ONLY
                            	     1M .if ONEGPIO
                            	     2M    HI_BITCLK
                            	     3M .endif
                            	   106M 
                            	   107M    #capture second sample
                            	   108M    #LR clock has just gone low
00:00000CB6 8361            	   109M    mov    r3, 24
00:00000CB8 0160            	   110M    mov    r1, 0
00:00000CBA 0860            	   111M    mov    r8, 0 #parity count
                            	   112M secondloop117:
00:00000CBC 117C            	   113M    lsl    r1, 1
                            	   114M    WAIT_FOR_DATA_BIT
                            	     1M .if ONEGPIO
                            	     2M    LO_BITCLK
                            	     3M    HI_BITCLK_FOR_DATA_BIT
                            	     4M .else
                            	     5M    WAIT_EDGE_FOR_DATA_BIT
                            	     1M waitBCH171:
00:00000CBE 4008            	     2M    ld     r0, (r4)
                            	     3M    DELAY_NOP
00:00000CC0 0100            	     1M    nop
00:00000CC2 0100            	     2M    nop
00:00000CC4 0100            	     3M    nop
00:00000CC6 0100            	     4M    nop
00:00000CC8 0100            	     5M    nop
00:00000CCA 0100            	     6M    nop
                            	     7M 
00:00000CCC 2045            	     4M    eor    r0, r2
00:00000CCE F06C            	     5M    btst   r0, CLOCK_BIT
00:00000CD0 7718            	     6M    beq    waitBCH171
00:00000CD2 4008            	     7M    ld     r0, (r4)     #second read for settle delay
00:00000CD4 F274            	     8M    bchg   r2, CLOCK_BIT
00:00000CD6 F04C            	     9M    btst   r0, r15 # DATABIT
                            	     6M .endif
                            	   115M .if ONEGPIO
                            	   116M    addne  r8, 1  #parity count
                            	   117M    orne   r1, 1
                            	   118M .else
00:00000CD8 48C04140        	   119M    addeq  r8, 1  #parity count
00:00000CDC A1C14108        	   120M    oreq   r1, 1
                            	   121M .endif
00:00000CE0 1366            	   122M    sub    r3, 1
00:00000CE2 036A            	   123M    cmp    r3, 0
00:00000CE4 EC18            	   124M    bne    secondloop117
00:00000CE6 417C            	   125M    lsl    r1, 4
00:00000CE8 086C            	   126M    btst   r8, 0
00:00000CEA 01C2DF08        	   127M    bsetne r1, 31   # temp set parity bit if count is odd
00:00000CEE 18C001C7        	   128M    mov    r24, r1   #temp save
                            	   129M 
                            	   130M    WAIT_FOR_DATA_BIT
                            	     1M .if ONEGPIO
                            	     2M    LO_BITCLK
                            	     3M    HI_BITCLK_FOR_DATA_BIT
                            	     4M .else
                            	     5M    WAIT_EDGE_FOR_DATA_BIT
                            	     1M waitBCH174:
00:00000CF2 4008            	     2M    ld     r0, (r4)
                            	     3M    DELAY_NOP
00:00000CF4 0100            	     1M    nop
00:00000CF6 0100            	     2M    nop
00:00000CF8 0100            	     3M    nop
00:00000CFA 0100            	     4M    nop
00:00000CFC 0100            	     5M    nop
00:00000CFE 0100            	     6M    nop
                            	     7M 
00:00000D00 2045            	     4M    eor    r0, r2
00:00000D02 F06C            	     5M    btst   r0, CLOCK_BIT
00:00000D04 7718            	     6M    beq    waitBCH174
00:00000D06 4008            	     7M    ld     r0, (r4)     #second read for settle delay
00:00000D08 F274            	     8M    bchg   r2, CLOCK_BIT
00:00000D0A F04C            	     9M    btst   r0, r15 # DATABIT
                            	     6M .endif
                            	   131M 
                            	   132M    CHECK_UNDERRUN
                            	     1M    # check for underrun
00:00000D0C 096B            	     2M    cmp    r9,0x10
00:00000D0E 00915400        	     3M    bne    not_empty176             #only check once per frame
00:00000D12 F26D            	     4M    btst   r2, REPEAT_SAMPLE
00:00000D14 00915100        	     5M    bne    not_empty176          #repeat pending
                            	     6M 
00:00000D18 95C143AF        	     7M    btst   r21, SMI_CTRL_BIT_DMA
00:00000D1C 1B18            	     8M    beq  not_dma_underrun176
                            	     9M 
00:00000D1E A008            	    10M    ld     r0, (r10) #get dma pointer
00:00000D20 C3C00D77        	    11M    sub    r3, r14, r13  #buffer size
00:00000D24 054A            	    12M    cmp    r5, r0
00:00000D26 C1C0002D        	    13M    subge  r1, r5, r0
00:00000D2A 051D            	    14M    bge    got_offset_under176
00:00000D2C C1C00507        	    15M    sub    r1, r0, r5
00:00000D30 C1C0011F        	    16M    sub    r1, r3, r1
                            	    17M got_offset_under176:
00:00000D34 137A            	    18M    lsr    r3, 1
00:00000D36 3146            	    19M    sub    r1, r3
00:00000D38 21A21CA0        	    20M    st     r1, SMI_DMA_OFFSET(r20)
00:00000D3C 61C1400F        	    21M    rsb    r1, 0
00:00000D40 41E990000000    	    22M    cmp    r1, MAX_DMA_DRIFT_ERROR
00:00000D46 301E            	    23M    bgt    repeat_empty176
00:00000D48 41E970000000    	    24M    cmp    r1, MAX_DMA_DRIFT
00:00000D4E 071E            	    25M    bgt    empty176
00:00000D50 331F            	    26M    b      not_empty176
                            	    27M 
                            	    28M not_dma_underrun176:
00:00000D52 7008            	    29M    ld     r0, (r7)  #read MAI CTL
00:00000D54 206C            	    30M    btst   r0, HD_MAI_CTL_ERRORE
00:00000D56 9E18            	    31M    bne    repeat_empty_ERRORE176
00:00000D58 A06C            	    32M    btst   r0, HD_MAI_CTL_EMPTY
00:00000D5A 2E18            	    33M    beq    not_empty176
                            	    34M empty176:
00:00000D5C 95C142AF        	    35M    btst   r21, SMI_CTRL_BIT_PLL_1
00:00000D60 2318            	    36M    beq    repeat_empty176
00:00000D62 95C141AF        	    37M    btst   r21, SMI_CTRL_BIT_PLL_0
00:00000D66 0C18            	    38M    beq    use_slow_pll_empty176
                            	    39M 
                            	    40M #   mov    r0, r19
                            	    41M #   sub    r0, PLL_OFFSET_FAST
00:00000D68 D3E820000000    	    42M    sub    r19, PLL_OFFSET_FAST
00:00000D6E 00C01307        	    43M    mov    r0, r19
00:00000D72 A0E90000005A    	    44M    or     r0, CM_PASSWORD
00:00000D78 20A20090        	    45M    st     r0, (r18)
00:00000D7C 1D1F            	    46M    b      not_empty176
                            	    47M 
                            	    48M use_slow_pll_empty176:
00:00000D7E D3C0429F        	    49M    sub    r19, PLL_OFFSET_SLOW
00:00000D82 00C01307        	    50M    mov    r0, r19
00:00000D86 A0E90000005A    	    51M    or     r0, CM_PASSWORD
00:00000D8C 20A20090        	    52M    st     r0, (r18)
00:00000D90 131F            	    53M    b      not_empty176
                            	    54M 
                            	    55M repeat_empty_ERRORE176:
00:00000D92 00E807820000    	    56M    mov    r0, (1 << HD_MAI_CTL_RST_MAI) | (1 << HD_MAI_CTL_ERRORF) | (1 << HD_MAI_CTL_ERRORE) | (1 << HD_MAI_CTL_DLATE)
00:00000D98 7009            	    57M    st     r0, (r7)    #clear ERRORE
00:00000D9A 00E828300000    	    58M    mov    r0, (1 << HD_MAI_CTL_ENABLE) | (2 << HD_MAI_CTL_CHNUM) | (1 << HD_MAI_CTL_WHOLSMP) | (1 << HD_MAI_CTL_CHALIGN
00:00000DA0 7009            	    59M    st     r0, (r7)
00:00000DA2 FF9FCAFC        	    60M    bl     SINGLE_WRITE_LEFT_RIGHT
                            	    61M repeat_empty176:
00:00000DA6 F271            	    62M    bset   r2, REPEAT_SAMPLE
00:00000DA8 57E800000100    	    63M    add    r23, 0x10000
00:00000DAE 57C25FBF        	    64M    bclr   r23, 31   #max 32767
00:00000DB2 37A218A0        	    65M    st     r23, SMI_DROP_REPEAT_COUNT(r20)
                            	    66M not_empty176:
                            	    67M 
                            	   133M 
                            	   134M    WAIT_FOR_DATA_BIT
                            	     1M .if ONEGPIO
                            	     2M    LO_BITCLK
                            	     3M    HI_BITCLK_FOR_DATA_BIT
                            	     4M .else
                            	     5M    WAIT_EDGE_FOR_DATA_BIT
                            	     1M waitBCH178:
00:00000DB6 4008            	     2M    ld     r0, (r4)
                            	     3M    DELAY_NOP
00:00000DB8 0100            	     1M    nop
00:00000DBA 0100            	     2M    nop
00:00000DBC 0100            	     3M    nop
00:00000DBE 0100            	     4M    nop
00:00000DC0 0100            	     5M    nop
00:00000DC2 0100            	     6M    nop
                            	     7M 
00:00000DC4 2045            	     4M    eor    r0, r2
00:00000DC6 F06C            	     5M    btst   r0, CLOCK_BIT
00:00000DC8 7718            	     6M    beq    waitBCH178
00:00000DCA 4008            	     7M    ld     r0, (r4)     #second read for settle delay
00:00000DCC F274            	     8M    bchg   r2, CLOCK_BIT
00:00000DCE F04C            	     9M    btst   r0, r15 # DATABIT
                            	     6M .endif
                            	   135M 
00:00000DD0 F26D            	   136M    btst   r2, REPEAT_SAMPLE
00:00000DD2 0418            	   137M    beq    no_repeat_main117
00:00000DD4 FF9FB1FC        	   138M    bl     SINGLE_WRITE_LEFT_RIGHT
00:00000DD8 F273            	   139M    bclr   r2, REPEAT_SAMPLE
                            	   140M no_repeat_main117:
                            	   141M 
00:00000DDA 4360            	   142M    mov    r3, 4
                            	   143M secondremain117:
                            	   144M    WAIT_FOR_DATA_BIT
                            	     1M .if ONEGPIO
                            	     2M    LO_BITCLK
                            	     3M    HI_BITCLK_FOR_DATA_BIT
                            	     4M .else
                            	     5M    WAIT_EDGE_FOR_DATA_BIT
                            	     1M waitBCH181:
00:00000DDC 4008            	     2M    ld     r0, (r4)
                            	     3M    DELAY_NOP
00:00000DDE 0100            	     1M    nop
00:00000DE0 0100            	     2M    nop
00:00000DE2 0100            	     3M    nop
00:00000DE4 0100            	     4M    nop
00:00000DE6 0100            	     5M    nop
00:00000DE8 0100            	     6M    nop
                            	     7M 
00:00000DEA 2045            	     4M    eor    r0, r2
00:00000DEC F06C            	     5M    btst   r0, CLOCK_BIT
00:00000DEE 7718            	     6M    beq    waitBCH181
00:00000DF0 4008            	     7M    ld     r0, (r4)     #second read for settle delay
00:00000DF2 F274            	     8M    bchg   r2, CLOCK_BIT
00:00000DF4 F04C            	     9M    btst   r0, r15 # DATABIT
                            	     6M .endif
00:00000DF6 1366            	   145M    sub    r3, 1
00:00000DF8 036A            	   146M    cmp    r3, 0
00:00000DFA F118            	   147M    bne    secondremain117
                            	   148M 
00:00000DFC 01C0180F        	   149M    mov    r1, r24
                            	   150M    IEC958_STATUS
                            	     1M 
                            	     2M     #byte 0 = 0x04   - bits 0-7,   bit 2 set   // consumer, PCM, no copyright, no pre-emphasis
                            	     3M     #byte 1 = 0x00   - bits 8-15                // category (general mode)
                            	     4M     #byte 2 = 0x00   - bits 16-23              // source number, take no account of channel number
                            	     5M     #byte 3 = 0x02   - bits 24-31  bit 25 set    // sampling frequency uchFS = 2 = 48000
                            	     6M     #byte 4 = 0xDB   - bits 32-39  0b1011 | (13 << 4) bits 1101 1011   bits 32, 33, 35, 36, 38, 39      // 24 bit sampl
                            	     7M 
00:00000E00 066A            	     8M     cmp    r6, 0
00:00000E02 A1C14F08        	     9M     oreq   r1, IEC958_B_FRAME_PREAMBLE
00:00000E06 46E928000000    	    10M     cmp r6, (IEC958_STATUS_BYTES * 8)
00:00000E0C 191D            	    11M     bge    no_status_bytes183
00:00000E0E 266A            	    12M     cmp   r6, 2
00:00000E10 46C1D930        	    13M     cmpne r6, 25
00:00000E14 01C25E08        	    14M     bseteq r1, 30
00:00000E18 C6E820000000    	    15M     sub   r6, 32
00:00000E1E 066A            	    16M     cmp   r6, (32 - 32)
00:00000E20 46C1C130        	    17M     cmpne r6, (33 - 32)
00:00000E24 46C1C330        	    18M     cmpne r6, (35 - 32)
00:00000E28 46C1C430        	    19M     cmpne r6, (36 - 32)
00:00000E2C 46C1C630        	    20M     cmpne r6, (38 - 32)
00:00000E30 46C1C730        	    21M     cmpne r6, (39 - 32)
00:00000E34 01C25E08        	    22M     bseteq r1, 30
00:00000E38 46E820000000    	    23M     add   r6, 32
                            	    24M no_status_bytes183:
00:00000E3E 0860            	    25M     mov    r8, 0
00:00000E40 F16D            	    26M     btst   r1, 31  #test existing parity count
00:00000E42 08C0C140        	    27M     movne  r8, 1
00:00000E46 F173            	    28M     bclr   r1, 31
                            	    29M 
00:00000E48 016C            	    30M     btst   r1, 0
00:00000E4A 48C0C140        	    31M     addne  r8, 1
00:00000E4E 116C            	    32M     btst   r1, 1
00:00000E50 48C0C140        	    33M     addne  r8, 1
00:00000E54 216C            	    34M     btst   r1, 2
00:00000E56 48C0C140        	    35M     addne  r8, 1
00:00000E5A 316C            	    36M     btst   r1, 3
00:00000E5C 48C0C140        	    37M     addne  r8, 1
00:00000E60 C16D            	    38M     btst   r1, 28
00:00000E62 48C0C140        	    39M     addne  r8, 1
00:00000E66 D16D            	    40M     btst   r1, 29
00:00000E68 48C0C140        	    41M     addne  r8, 1
00:00000E6C E16D            	    42M     btst   r1, 30
00:00000E6E 48C0C140        	    43M     addne  r8, 1
                            	    44M 
00:00000E72 086C            	    45M     btst   r8, 0
00:00000E74 01C2DF08        	    46M     bsetne r1, 31   # set parity bit as count is odd
                            	    47M 
00:00000E78 00C01807        	   151M    mov    r0, r24
00:00000E7C 18C001C7        	   152M    mov    r24, r1   #temp save
00:00000E80 0140            	   153M    mov    r1, r0
                            	   154M 
                            	   155M    WAIT_FOR_LR_BIT
                            	     1M .if ONEGPIO
                            	     2M    LO_BITCLK_FOR_LR_BIT
                            	     3M .else
                            	     4M    WAIT_EDGE_FOR_LR_BIT
                            	     1M waitBCH185:
00:00000E82 4008            	     2M    ld     r0, (r4)
                            	     3M    DELAY_NOP
00:00000E84 0100            	     1M    nop
00:00000E86 0100            	     2M    nop
00:00000E88 0100            	     3M    nop
00:00000E8A 0100            	     4M    nop
00:00000E8C 0100            	     5M    nop
00:00000E8E 0100            	     6M    nop
                            	     7M 
00:00000E90 2045            	     4M    eor    r0, r2
00:00000E92 F06C            	     5M    btst   r0, CLOCK_BIT
00:00000E94 7718            	     6M    beq    waitBCH185
00:00000E96 4008            	     7M    ld     r0, (r4)     #second read for settle delay
00:00000E98 F274            	     8M    bchg   r2, CLOCK_BIT
00:00000E9A 80C11007        	     9M    btst   r0, r16
                            	     5M .endif
                            	   156M .if ONEGPIO
                            	   157M    beq    bad_sync_LR_low2117
                            	   158M .else
00:00000E9E 7F91B0FD        	   159M    bne    bad_sync_LR_low2117
                            	   160M .endif
                            	   161M 
                            	   162M    WAIT_HI_ONEGPIO_ONLY
                            	     1M .if ONEGPIO
                            	     2M    HI_BITCLK
                            	     3M .endif
                            	   163M 
                            	   164M    WAIT_FOR_LR_BIT
                            	     1M .if ONEGPIO
                            	     2M    LO_BITCLK_FOR_LR_BIT
                            	     3M .else
                            	     4M    WAIT_EDGE_FOR_LR_BIT
                            	     1M waitBCH189:
00:00000EA2 4008            	     2M    ld     r0, (r4)
                            	     3M    DELAY_NOP
00:00000EA4 0100            	     1M    nop
00:00000EA6 0100            	     2M    nop
00:00000EA8 0100            	     3M    nop
00:00000EAA 0100            	     4M    nop
00:00000EAC 0100            	     5M    nop
00:00000EAE 0100            	     6M    nop
                            	     7M 
00:00000EB0 2045            	     4M    eor    r0, r2
00:00000EB2 F06C            	     5M    btst   r0, CLOCK_BIT
00:00000EB4 7718            	     6M    beq    waitBCH189
00:00000EB6 4008            	     7M    ld     r0, (r4)     #second read for settle delay
00:00000EB8 F274            	     8M    bchg   r2, CLOCK_BIT
00:00000EBA 80C11007        	     9M    btst   r0, r16
                            	     5M .endif
                            	   165M .if ONEGPIO
                            	   166M    bne    bad_sync_LR_high2117
                            	   167M .else
00:00000EBE 7F90CBFD        	   168M    beq    bad_sync_LR_high2117
                            	   169M .endif
00:00000EC2 1C40            	   170M    mov    r12, r1   #save in case of repeat
                            	   171M    WAIT_HI_ONEGPIO_ONLY
                            	     1M .if ONEGPIO
                            	     2M    HI_BITCLK
                            	     3M .endif
                            	   172M 
00:00000EC4 E26D            	   173M    btst   r2, DROP_SAMPLE
00:00000EC6 42C2DE10        	   174M    bclrne r2, DROP_SAMPLE
00:00000ECA 9D18            	   175M    bne    drop_main117
                            	   176M 
00:00000ECC 95C145AF        	   177M    btst   r21, SMI_CTRL_BIT_MONO_RIGHT
00:00000ED0 01C09808        	   178M    movne  r1, r24
00:00000ED4 01C01108        	   179M    moveq  r1, r17
                            	   180M    WRITE
00:00000ED8 5109            	     1M     st     r1, (r5)
                            	     2M #increment buffer pointer
00:00000EDA 4562            	     3M     add    r5, 4
00:00000EDC E54A            	     4M     cmp    r5, r14
00:00000EDE 05C00D2D        	     5M     movge  r5, r13
00:00000EE2 95C144AF        	   181M    btst   r21, SMI_CTRL_BIT_MONO_LEFT
00:00000EE6 01C09108        	   182M    movne  r1, r17
00:00000EEA 01C01808        	   183M    moveq  r1, r24
                            	   184M    WRITE
00:00000EEE 5109            	     1M     st     r1, (r5)
                            	     2M #increment buffer pointer
00:00000EF0 4562            	     3M     add    r5, 4
00:00000EF2 E54A            	     4M     cmp    r5, r14
00:00000EF4 05C00D2D        	     5M     movge  r5, r13
00:00000EF8 1662            	   185M    add    r6, 1
00:00000EFA 46E9C0000000    	   186M    cmp    r6, IEC958_FRAMES_PER_BLOCK
00:00000F00 06C04035        	   187M    movge  r6, 0
                            	   188M drop_main117:
00:00000F04 026C            	   189M    btst   r2, REPEAT_22Khz
00:00000F06 0318            	   190M    beq    no_repeat_sample_main117
00:00000F08 FF9F17FC        	   191M    bl     SINGLE_WRITE_LEFT_RIGHT
                            	   192M no_repeat_sample_main117:
                            	   193M 
00:00000F0C 1962            	   194M    add    r9, 1
00:00000F0E 49E980010000    	   195M    cmp    r9, BUFFER_CHECK_COUNT
00:00000F14 09C0404D        	   196M    movge  r9, 0
                            	   197M 
00:00000F18 7F9EBCFD        	   198M    b      audio_main_loop117
                            	   199M 
                            	   200M 
                            	  1411: 
                            	  1412: one_gpio_capture:
                            	  1413: .set ONEGPIO, 1
                            	  1414:    CAPTURE_AUDIO
                            	     1M    HI_LRCLK
                            	     1M .if ONEGPIO
                            	     2M waitLRCH2195:
                            	     3M    HI_BITCLK
                            	     1M waitBCHO196:
00:00000F1C 4008            	     2M    ld     r0, (r4)
                            	     3M #   DELAY_NOP2
00:00000F1E F06C            	     4M    btst   r0, CLOCK_BIT
00:00000F20 7E18            	     5M    beq    waitBCHO196
                            	     4M    LO_BITCLK_FOR_LR_BIT
                            	     1M waitBCL197:
00:00000F22 4008            	     2M    ld     r0, (r4)
                            	     3M #   DELAY_NOP2
00:00000F24 F06C            	     4M    btst   r0, CLOCK_BIT
00:00000F26 FE18            	     5M    bne    waitBCL197
00:00000F28 4008            	     6M    ld     r0, (r4)     #second read for settle delay
00:00000F2A 80C11007        	     7M    btst   r0, r16
00:00000F2E 7718            	     5M    beq    waitLRCH2195
                            	     6M    HI_BITCLK
                            	     1M waitBCHO198:
00:00000F30 4008            	     2M    ld     r0, (r4)
                            	     3M #   DELAY_NOP2
00:00000F32 F06C            	     4M    btst   r0, CLOCK_BIT
00:00000F34 7E18            	     5M    beq    waitBCHO198
                            	     7M .else
                            	     8M waitLRCH195:
                            	     9M    WAIT_EDGE_FOR_LR_BIT
                            	    10M    bne    waitLRCH195
                            	    11M .endif
                            	     2M    LO_LRCLK
                            	     1M .if ONEGPIO
                            	     2M waitLRCL2199:
                            	     3M    HI_BITCLK
                            	     1M waitBCHO200:
00:00000F36 4008            	     2M    ld     r0, (r4)
                            	     3M #   DELAY_NOP2
00:00000F38 F06C            	     4M    btst   r0, CLOCK_BIT
00:00000F3A 7E18            	     5M    beq    waitBCHO200
                            	     4M    LO_BITCLK_FOR_LR_BIT
                            	     1M waitBCL201:
00:00000F3C 4008            	     2M    ld     r0, (r4)
                            	     3M #   DELAY_NOP2
00:00000F3E F06C            	     4M    btst   r0, CLOCK_BIT
00:00000F40 FE18            	     5M    bne    waitBCL201
00:00000F42 4008            	     6M    ld     r0, (r4)     #second read for settle delay
00:00000F44 80C11007        	     7M    btst   r0, r16
00:00000F48 F718            	     5M    bne    waitLRCL2199
                            	     6M    HI_BITCLK
                            	     1M waitBCHO202:
00:00000F4A 4008            	     2M    ld     r0, (r4)
                            	     3M #   DELAY_NOP2
00:00000F4C F06C            	     4M    btst   r0, CLOCK_BIT
00:00000F4E 7E18            	     5M    beq    waitBCHO202
                            	     7M .else
                            	     8M waitLRCL199:
                            	     9M    WAIT_EDGE_FOR_LR_BIT
                            	    10M    beq    waitLRCL199
                            	    11M .endif
00:00000F50 009E7C00        	     3M    b  audio_main_loop194
                            	     4M bad_sync_LR_high1194:
                            	     5M #WRITE_LEFT_RIGHT  using causes PLL trouble
                            	     6M    LO_LRCLK
                            	     1M .if ONEGPIO
                            	     2M waitLRCL2203:
                            	     3M    HI_BITCLK
                            	     1M waitBCHO204:
00:00000F54 4008            	     2M    ld     r0, (r4)
                            	     3M #   DELAY_NOP2
00:00000F56 F06C            	     4M    btst   r0, CLOCK_BIT
00:00000F58 7E18            	     5M    beq    waitBCHO204
                            	     4M    LO_BITCLK_FOR_LR_BIT
                            	     1M waitBCL205:
00:00000F5A 4008            	     2M    ld     r0, (r4)
                            	     3M #   DELAY_NOP2
00:00000F5C F06C            	     4M    btst   r0, CLOCK_BIT
00:00000F5E FE18            	     5M    bne    waitBCL205
00:00000F60 4008            	     6M    ld     r0, (r4)     #second read for settle delay
00:00000F62 80C11007        	     7M    btst   r0, r16
00:00000F66 F718            	     5M    bne    waitLRCL2203
                            	     6M    HI_BITCLK
                            	     1M waitBCHO206:
00:00000F68 4008            	     2M    ld     r0, (r4)
                            	     3M #   DELAY_NOP2
00:00000F6A F06C            	     4M    btst   r0, CLOCK_BIT
00:00000F6C 7E18            	     5M    beq    waitBCHO206
                            	     7M .else
                            	     8M waitLRCL203:
                            	     9M    WAIT_EDGE_FOR_LR_BIT
                            	    10M    beq    waitLRCL203
                            	    11M .endif
                            	     7M    WRITE_LEFT_RIGHT
00:00000F6E FF9FE4FB        	     1M    bl     SINGLE_WRITE_LEFT_RIGHT
00:00000F72 026C            	     2M    btst   r2, REPEAT_22Khz
00:00000F74 0318            	     3M    beq    no_repeat_sample207
00:00000F76 FF9FE0FB        	     4M    bl     SINGLE_WRITE_LEFT_RIGHT
                            	     5M no_repeat_sample207:
00:00000F7A 009E6400        	     8M    b  increment_error194
                            	     9M 
                            	    10M bad_sync_LR_low1194:
                            	    11M #WRITE_LEFT_RIGHT  using causes PLL trouble
                            	    12M    HI_LRCLK
                            	     1M .if ONEGPIO
                            	     2M waitLRCH2208:
                            	     3M    HI_BITCLK
                            	     1M waitBCHO209:
00:00000F7E 4008            	     2M    ld     r0, (r4)
                            	     3M #   DELAY_NOP2
00:00000F80 F06C            	     4M    btst   r0, CLOCK_BIT
00:00000F82 7E18            	     5M    beq    waitBCHO209
                            	     4M    LO_BITCLK_FOR_LR_BIT
                            	     1M waitBCL210:
00:00000F84 4008            	     2M    ld     r0, (r4)
                            	     3M #   DELAY_NOP2
00:00000F86 F06C            	     4M    btst   r0, CLOCK_BIT
00:00000F88 FE18            	     5M    bne    waitBCL210
00:00000F8A 4008            	     6M    ld     r0, (r4)     #second read for settle delay
00:00000F8C 80C11007        	     7M    btst   r0, r16
00:00000F90 7718            	     5M    beq    waitLRCH2208
                            	     6M    HI_BITCLK
                            	     1M waitBCHO211:
00:00000F92 4008            	     2M    ld     r0, (r4)
                            	     3M #   DELAY_NOP2
00:00000F94 F06C            	     4M    btst   r0, CLOCK_BIT
00:00000F96 7E18            	     5M    beq    waitBCHO211
                            	     7M .else
                            	     8M waitLRCH208:
                            	     9M    WAIT_EDGE_FOR_LR_BIT
                            	    10M    bne    waitLRCH208
                            	    11M .endif
                            	    13M    LO_LRCLK
                            	     1M .if ONEGPIO
                            	     2M waitLRCL2212:
                            	     3M    HI_BITCLK
                            	     1M waitBCHO213:
00:00000F98 4008            	     2M    ld     r0, (r4)
                            	     3M #   DELAY_NOP2
00:00000F9A F06C            	     4M    btst   r0, CLOCK_BIT
00:00000F9C 7E18            	     5M    beq    waitBCHO213
                            	     4M    LO_BITCLK_FOR_LR_BIT
                            	     1M waitBCL214:
00:00000F9E 4008            	     2M    ld     r0, (r4)
                            	     3M #   DELAY_NOP2
00:00000FA0 F06C            	     4M    btst   r0, CLOCK_BIT
00:00000FA2 FE18            	     5M    bne    waitBCL214
00:00000FA4 4008            	     6M    ld     r0, (r4)     #second read for settle delay
00:00000FA6 80C11007        	     7M    btst   r0, r16
00:00000FAA F718            	     5M    bne    waitLRCL2212
                            	     6M    HI_BITCLK
                            	     1M waitBCHO215:
00:00000FAC 4008            	     2M    ld     r0, (r4)
                            	     3M #   DELAY_NOP2
00:00000FAE F06C            	     4M    btst   r0, CLOCK_BIT
00:00000FB0 7E18            	     5M    beq    waitBCHO215
                            	     7M .else
                            	     8M waitLRCL212:
                            	     9M    WAIT_EDGE_FOR_LR_BIT
                            	    10M    beq    waitLRCL212
                            	    11M .endif
                            	    14M    WRITE_LEFT_RIGHT
00:00000FB2 FF9FC2FB        	     1M    bl     SINGLE_WRITE_LEFT_RIGHT
00:00000FB6 026C            	     2M    btst   r2, REPEAT_22Khz
00:00000FB8 0318            	     3M    beq    no_repeat_sample216
00:00000FBA FF9FBEFB        	     4M    bl     SINGLE_WRITE_LEFT_RIGHT
                            	     5M no_repeat_sample216:
00:00000FBE 009E4200        	    15M    b  increment_error194
                            	    16M 
                            	    17M bad_sync_LR_low2194:
                            	    18M    WRITE_LEFT_RIGHT   #removing causes PLL trouble
00:00000FC2 FF9FBAFB        	     1M    bl     SINGLE_WRITE_LEFT_RIGHT
00:00000FC6 026C            	     2M    btst   r2, REPEAT_22Khz
00:00000FC8 0318            	     3M    beq    no_repeat_sample217
00:00000FCA FF9FB6FB        	     4M    bl     SINGLE_WRITE_LEFT_RIGHT
                            	     5M no_repeat_sample217:
                            	    19M    HI_LRCLK
                            	     1M .if ONEGPIO
                            	     2M waitLRCH2218:
                            	     3M    HI_BITCLK
                            	     1M waitBCHO219:
00:00000FCE 4008            	     2M    ld     r0, (r4)
                            	     3M #   DELAY_NOP2
00:00000FD0 F06C            	     4M    btst   r0, CLOCK_BIT
00:00000FD2 7E18            	     5M    beq    waitBCHO219
                            	     4M    LO_BITCLK_FOR_LR_BIT
                            	     1M waitBCL220:
00:00000FD4 4008            	     2M    ld     r0, (r4)
                            	     3M #   DELAY_NOP2
00:00000FD6 F06C            	     4M    btst   r0, CLOCK_BIT
00:00000FD8 FE18            	     5M    bne    waitBCL220
00:00000FDA 4008            	     6M    ld     r0, (r4)     #second read for settle delay
00:00000FDC 80C11007        	     7M    btst   r0, r16
00:00000FE0 7718            	     5M    beq    waitLRCH2218
                            	     6M    HI_BITCLK
                            	     1M waitBCHO221:
00:00000FE2 4008            	     2M    ld     r0, (r4)
                            	     3M #   DELAY_NOP2
00:00000FE4 F06C            	     4M    btst   r0, CLOCK_BIT
00:00000FE6 7E18            	     5M    beq    waitBCHO221
                            	     7M .else
                            	     8M waitLRCH218:
                            	     9M    WAIT_EDGE_FOR_LR_BIT
                            	    10M    bne    waitLRCH218
                            	    11M .endif
                            	    20M    LO_LRCLK
                            	     1M .if ONEGPIO
                            	     2M waitLRCL2222:
                            	     3M    HI_BITCLK
                            	     1M waitBCHO223:
00:00000FE8 4008            	     2M    ld     r0, (r4)
                            	     3M #   DELAY_NOP2
00:00000FEA F06C            	     4M    btst   r0, CLOCK_BIT
00:00000FEC 7E18            	     5M    beq    waitBCHO223
                            	     4M    LO_BITCLK_FOR_LR_BIT
                            	     1M waitBCL224:
00:00000FEE 4008            	     2M    ld     r0, (r4)
                            	     3M #   DELAY_NOP2
00:00000FF0 F06C            	     4M    btst   r0, CLOCK_BIT
00:00000FF2 FE18            	     5M    bne    waitBCL224
00:00000FF4 4008            	     6M    ld     r0, (r4)     #second read for settle delay
00:00000FF6 80C11007        	     7M    btst   r0, r16
00:00000FFA F718            	     5M    bne    waitLRCL2222
                            	     6M    HI_BITCLK
                            	     1M waitBCHO225:
00:00000FFC 4008            	     2M    ld     r0, (r4)
                            	     3M #   DELAY_NOP2
00:00000FFE F06C            	     4M    btst   r0, CLOCK_BIT
00:00001000 7E18            	     5M    beq    waitBCHO225
                            	     7M .else
                            	     8M waitLRCL222:
                            	     9M    WAIT_EDGE_FOR_LR_BIT
                            	    10M    beq    waitLRCL222
                            	    11M .endif
                            	    21M    WRITE_LEFT_RIGHT
00:00001002 FF9F9AFB        	     1M    bl     SINGLE_WRITE_LEFT_RIGHT
00:00001006 026C            	     2M    btst   r2, REPEAT_22Khz
00:00001008 0318            	     3M    beq    no_repeat_sample226
00:0000100A FF9F96FB        	     4M    bl     SINGLE_WRITE_LEFT_RIGHT
                            	     5M no_repeat_sample226:
00:0000100E 1A1F            	    22M    b  increment_error194
                            	    23M 
                            	    24M bad_sync_LR_high2194:
                            	    25M    WRITE_LEFT_RIGHT
00:00001010 FF9F93FB        	     1M    bl     SINGLE_WRITE_LEFT_RIGHT
00:00001014 026C            	     2M    btst   r2, REPEAT_22Khz
00:00001016 0318            	     3M    beq    no_repeat_sample227
00:00001018 FF9F8FFB        	     4M    bl     SINGLE_WRITE_LEFT_RIGHT
                            	     5M no_repeat_sample227:
                            	    26M    LO_LRCLK
                            	     1M .if ONEGPIO
                            	     2M waitLRCL2228:
                            	     3M    HI_BITCLK
                            	     1M waitBCHO229:
00:0000101C 4008            	     2M    ld     r0, (r4)
                            	     3M #   DELAY_NOP2
00:0000101E F06C            	     4M    btst   r0, CLOCK_BIT
00:00001020 7E18            	     5M    beq    waitBCHO229
                            	     4M    LO_BITCLK_FOR_LR_BIT
                            	     1M waitBCL230:
00:00001022 4008            	     2M    ld     r0, (r4)
                            	     3M #   DELAY_NOP2
00:00001024 F06C            	     4M    btst   r0, CLOCK_BIT
00:00001026 FE18            	     5M    bne    waitBCL230
00:00001028 4008            	     6M    ld     r0, (r4)     #second read for settle delay
00:0000102A 80C11007        	     7M    btst   r0, r16
00:0000102E F718            	     5M    bne    waitLRCL2228
                            	     6M    HI_BITCLK
                            	     1M waitBCHO231:
00:00001030 4008            	     2M    ld     r0, (r4)
                            	     3M #   DELAY_NOP2
00:00001032 F06C            	     4M    btst   r0, CLOCK_BIT
00:00001034 7E18            	     5M    beq    waitBCHO231
                            	     7M .else
                            	     8M waitLRCL228:
                            	     9M    WAIT_EDGE_FOR_LR_BIT
                            	    10M    beq    waitLRCL228
                            	    11M .endif
                            	    27M    WRITE_LEFT_RIGHT
00:00001036 FF9F80FB        	     1M    bl     SINGLE_WRITE_LEFT_RIGHT
00:0000103A 026C            	     2M    btst   r2, REPEAT_22Khz
00:0000103C 0318            	     3M    beq    no_repeat_sample232
00:0000103E FF9F7CFB        	     4M    bl     SINGLE_WRITE_LEFT_RIGHT
                            	     5M no_repeat_sample232:
                            	    28M 
                            	    29M increment_error194:
00:00001042 56C041B7        	    30M    add    r22, 1
00:00001046 9271            	    31M    bset   r2, LOG_FRAME_ERROR
                            	    32M audio_main_loop194:
                            	    33M 
                            	    34M    #capture first sample
                            	    35M    #LR clock has just gone high
00:00001048 95C140AF        	    36M    btst   r21, SMI_CTRL_BIT_RUN
00:0000104C 7F902AFC        	    37M    beq    abort_audio            #destination not in macro
                            	    38M 
00:00001050 8361            	    39M    mov    r3, 24
00:00001052 0160            	    40M    mov    r1, 0
00:00001054 0860            	    41M    mov    r8, 0 #parity count
                            	    42M firstloop194:
00:00001056 117C            	    43M    lsl    r1, 1
                            	    44M    WAIT_FOR_DATA_BIT
                            	     1M .if ONEGPIO
                            	     2M    LO_BITCLK
                            	     1M waitBCLO234:
00:00001058 4008            	     2M    ld     r0, (r4)
                            	     3M #   DELAY_NOP2
00:0000105A F06C            	     4M    btst   r0, CLOCK_BIT
00:0000105C FE18            	     5M    bne    waitBCLO234
                            	     3M    HI_BITCLK_FOR_DATA_BIT
                            	     1M waitBCH235:
00:0000105E 4008            	     2M    ld     r0, (r4)
                            	     3M #   DELAY_NOP2
00:00001060 F06C            	     4M    btst   r0, CLOCK_BIT
00:00001062 7E18            	     5M    beq    waitBCH235
00:00001064 4008            	     6M    ld     r0, (r4)     #second read for settle delay
00:00001066 F04C            	     7M    btst   r0, r15
                            	     8M 
                            	     4M .else
                            	     5M    WAIT_EDGE_FOR_DATA_BIT
                            	     6M .endif
                            	    45M .if ONEGPIO
00:00001068 48C0C140        	    46M    addne  r8, 1  #parity count
00:0000106C A1C1C108        	    47M    orne   r1, 1
                            	    48M .else
                            	    49M    addeq  r8, 1  #parity count
                            	    50M    oreq   r1, 1
                            	    51M .endif
00:00001070 1366            	    52M    sub    r3, 1
00:00001072 036A            	    53M    cmp    r3, 0
00:00001074 F118            	    54M    bne    firstloop194
00:00001076 417C            	    55M    lsl    r1, 4
00:00001078 086C            	    56M    btst   r8, 0
00:0000107A 01C2DF08        	    57M    bsetne r1, 31   # temp set parity bit if count is odd
                            	    58M 
00:0000107E 11C0018F        	    59M    mov    r17, r1   #temp save
                            	    60M 
                            	    61M    WAIT_FOR_DATA_BIT
                            	     1M .if ONEGPIO
                            	     2M    LO_BITCLK
                            	     1M waitBCLO237:
00:00001082 4008            	     2M    ld     r0, (r4)
                            	     3M #   DELAY_NOP2
00:00001084 F06C            	     4M    btst   r0, CLOCK_BIT
00:00001086 FE18            	     5M    bne    waitBCLO237
                            	     3M    HI_BITCLK_FOR_DATA_BIT
                            	     1M waitBCH238:
00:00001088 4008            	     2M    ld     r0, (r4)
                            	     3M #   DELAY_NOP2
00:0000108A F06C            	     4M    btst   r0, CLOCK_BIT
00:0000108C 7E18            	     5M    beq    waitBCH238
00:0000108E 4008            	     6M    ld     r0, (r4)     #second read for settle delay
00:00001090 F04C            	     7M    btst   r0, r15
                            	     8M 
                            	     4M .else
                            	     5M    WAIT_EDGE_FOR_DATA_BIT
                            	     6M .endif
                            	    62M 
                            	    63M    CHECK_OVERRUN
                            	     1M    # check for overrun
00:00001092 49E920000000    	     2M    cmp    r9, 0x20           #only check once per frame
00:00001098 00915300        	     3M    bne    not_full239
00:0000109C E26D            	     4M    btst   r2, DROP_SAMPLE
00:0000109E 00915000        	     5M    bne    not_full239    #drop pending
00:000010A2 95C143AF        	     6M    btst   r21, SMI_CTRL_BIT_DMA
00:000010A6 1918            	     7M    beq  not_dma_overrun239
                            	     8M 
00:000010A8 A008            	     9M    ld     r0, (r10) #get dma pointer
00:000010AA C3C00D77        	    10M    sub    r3, r14, r13  #buffer size
00:000010AE 054A            	    11M    cmp    r5, r0
00:000010B0 C1C0002D        	    12M    subge  r1, r5, r0
00:000010B4 051D            	    13M    bge    got_offset_over239
00:000010B6 C1C00507        	    14M    sub    r1, r0, r5
00:000010BA C1C0011F        	    15M    sub    r1, r3, r1
                            	    16M got_offset_over239:
00:000010BE 137A            	    17M    lsr    r3, 1
00:000010C0 3146            	    18M    sub    r1, r3
00:000010C2 21A21CA0        	    19M    st     r1, SMI_DMA_OFFSET(r20)
00:000010C6 41E990000000    	    20M    cmp    r1, MAX_DMA_DRIFT_ERROR
00:000010CC 321E            	    21M    bgt    drop_full239
00:000010CE 41E970000000    	    22M    cmp    r1, MAX_DMA_DRIFT
00:000010D4 071E            	    23M    bgt    full239
00:000010D6 341F            	    24M    b      not_full239
                            	    25M 
                            	    26M not_dma_overrun239:
00:000010D8 7008            	    27M    ld     r0, (r7)  #read MAI CTL
00:000010DA 106C            	    28M    btst   r0, HD_MAI_CTL_ERRORF
00:000010DC 9E18            	    29M    bne    drop_full_ERRORF239
00:000010DE B06C            	    30M    btst   r0, HD_MAI_CTL_FULL
00:000010E0 2F18            	    31M    beq    not_full239
                            	    32M full239:
00:000010E2 95C142AF        	    33M    btst   r21, SMI_CTRL_BIT_PLL_1
00:000010E6 2518            	    34M    beq    drop_full239
00:000010E8 95C141AF        	    35M    btst   r21, SMI_CTRL_BIT_PLL_0
00:000010EC 0C18            	    36M    beq    use_slow_pll_full239
                            	    37M 
                            	    38M #   mov    r0, r19
                            	    39M #   add    r0, PLL_OFFSET_FAST
00:000010EE 53E820000000    	    40M    add    r19, PLL_OFFSET_FAST
00:000010F4 00C01307        	    41M    mov    r0, r19
00:000010F8 A0E90000005A    	    42M    or     r0, CM_PASSWORD
00:000010FE 20A20090        	    43M    st     r0, (r18)
00:00001102 1E1F            	    44M    b      not_full239
                            	    45M 
                            	    46M use_slow_pll_full239:
00:00001104 53C0429F        	    47M    add    r19, PLL_OFFSET_SLOW
00:00001108 00C01307        	    48M    mov    r0, r19
00:0000110C A0E90000005A    	    49M    or     r0, CM_PASSWORD
00:00001112 20A20090        	    50M    st     r0, (r18)
00:00001116 141F            	    51M    b      not_full239
                            	    52M drop_full_ERRORF239:
00:00001118 00E807820000    	    53M    mov    r0, (1 << HD_MAI_CTL_RST_MAI) | (1 << HD_MAI_CTL_ERRORF) | (1 << HD_MAI_CTL_ERRORE) | (1 << HD_MAI_CTL_DLATE)
00:0000111E 7009            	    54M    st     r0, (r7)    #clear ERRORF
00:00001120 00E828300000    	    55M    mov    r0, (1 << HD_MAI_CTL_ENABLE) | (2 << HD_MAI_CTL_CHNUM) | (1 << HD_MAI_CTL_WHOLSMP) | (1 << HD_MAI_CTL_CHALIGN
00:00001126 7009            	    56M    st     r0, (r7)
00:00001128 FF9F07FB        	    57M    bl     SINGLE_WRITE_LEFT_RIGHT
00:0000112C F271            	    58M    bset   r2, REPEAT_SAMPLE #as buffer flushed
00:0000112E 021F            	    59M    b      dont_drop239
                            	    60M drop_full239:
00:00001130 E271            	    61M    bset   r2, DROP_SAMPLE
                            	    62M dont_drop239:
00:00001132 57C041BF        	    63M    add    r23, 1
00:00001136 57C24FBF        	    64M    bclr   r23, 15  #max 32767
00:0000113A 37A218A0        	    65M    st     r23, SMI_DROP_REPEAT_COUNT(r20)
                            	    66M not_full239:
                            	    67M 
                            	    64M 
                            	    65M    WAIT_FOR_DATA_BIT
                            	     1M .if ONEGPIO
                            	     2M    LO_BITCLK
                            	     1M waitBCLO241:
00:0000113E 4008            	     2M    ld     r0, (r4)
                            	     3M #   DELAY_NOP2
00:00001140 F06C            	     4M    btst   r0, CLOCK_BIT
00:00001142 FE18            	     5M    bne    waitBCLO241
                            	     3M    HI_BITCLK_FOR_DATA_BIT
                            	     1M waitBCH242:
00:00001144 4008            	     2M    ld     r0, (r4)
                            	     3M #   DELAY_NOP2
00:00001146 F06C            	     4M    btst   r0, CLOCK_BIT
00:00001148 7E18            	     5M    beq    waitBCH242
00:0000114A 4008            	     6M    ld     r0, (r4)     #second read for settle delay
00:0000114C F04C            	     7M    btst   r0, r15
                            	     8M 
                            	     4M .else
                            	     5M    WAIT_EDGE_FOR_DATA_BIT
                            	     6M .endif
                            	    66M 
00:0000114E 49E9C0000000    	    67M    cmp    r9, BUFFER_CHECK_COUNT >> 1
00:00001154 8318            	    68M    bne    skip_update194
00:00001156 15A200A0        	    69M    ld     r21, SMI_CTRL(r20)      #update the control register
                            	    70M skip_update194:
                            	    71M 
00:0000115A 4360            	    72M    mov    r3, 4
                            	    73M firstremain194:
                            	    74M    WAIT_FOR_DATA_BIT
                            	     1M .if ONEGPIO
                            	     2M    LO_BITCLK
                            	     1M waitBCLO244:
00:0000115C 4008            	     2M    ld     r0, (r4)
                            	     3M #   DELAY_NOP2
00:0000115E F06C            	     4M    btst   r0, CLOCK_BIT
00:00001160 FE18            	     5M    bne    waitBCLO244
                            	     3M    HI_BITCLK_FOR_DATA_BIT
                            	     1M waitBCH245:
00:00001162 4008            	     2M    ld     r0, (r4)
                            	     3M #   DELAY_NOP2
00:00001164 F06C            	     4M    btst   r0, CLOCK_BIT
00:00001166 7E18            	     5M    beq    waitBCH245
00:00001168 4008            	     6M    ld     r0, (r4)     #second read for settle delay
00:0000116A F04C            	     7M    btst   r0, r15
                            	     8M 
                            	     4M .else
                            	     5M    WAIT_EDGE_FOR_DATA_BIT
                            	     6M .endif
00:0000116C 1366            	    75M    sub    r3, 1
00:0000116E 036A            	    76M    cmp    r3, 0
00:00001170 F618            	    77M    bne    firstremain194
                            	    78M 
00:00001172 49E9D0000000    	    79M    cmp    r9, (BUFFER_CHECK_COUNT >> 1) + 0x10
00:00001178 8618            	    80M    bne    skip_log194
00:0000117A 926D            	    81M    btst   r2, LOG_FRAME_ERROR
00:0000117C 0418            	    82M    beq    skip_log194
00:0000117E 36A214A0        	    83M    st     r22, SMI_ERROR_COUNT(r20)
00:00001182 9273            	    84M    bclr   r2, LOG_FRAME_ERROR
                            	    85M skip_log194:
                            	    86M 
                            	    87M    WAIT_FOR_LR_BIT
                            	     1M .if ONEGPIO
                            	     2M    LO_BITCLK_FOR_LR_BIT
                            	     1M waitBCL247:
00:00001184 4008            	     2M    ld     r0, (r4)
                            	     3M #   DELAY_NOP2
00:00001186 F06C            	     4M    btst   r0, CLOCK_BIT
00:00001188 FE18            	     5M    bne    waitBCL247
00:0000118A 4008            	     6M    ld     r0, (r4)     #second read for settle delay
00:0000118C 80C11007        	     7M    btst   r0, r16
                            	     3M .else
                            	     4M    WAIT_EDGE_FOR_LR_BIT
                            	     5M .endif
                            	    88M .if ONEGPIO
00:00001190 7F91E2FE        	    89M    bne    bad_sync_LR_high1194
                            	    90M .else
                            	    91M    beq    bad_sync_LR_high1194
                            	    92M .endif
                            	    93M    WAIT_HI_ONEGPIO_ONLY
                            	     1M .if ONEGPIO
                            	     2M    HI_BITCLK
                            	     1M waitBCHO249:
00:00001194 4008            	     2M    ld     r0, (r4)
                            	     3M #   DELAY_NOP2
00:00001196 F06C            	     4M    btst   r0, CLOCK_BIT
00:00001198 7E18            	     5M    beq    waitBCHO249
                            	     3M .endif
                            	    94M 
                            	    95M    WAIT_FOR_LR_BIT
                            	     1M .if ONEGPIO
                            	     2M    LO_BITCLK_FOR_LR_BIT
                            	     1M waitBCL251:
00:0000119A 4008            	     2M    ld     r0, (r4)
                            	     3M #   DELAY_NOP2
00:0000119C F06C            	     4M    btst   r0, CLOCK_BIT
00:0000119E FE18            	     5M    bne    waitBCL251
00:000011A0 4008            	     6M    ld     r0, (r4)     #second read for settle delay
00:000011A2 80C11007        	     7M    btst   r0, r16
                            	     3M .else
                            	     4M    WAIT_EDGE_FOR_LR_BIT
                            	     5M .endif
                            	    96M .if ONEGPIO
00:000011A6 7F90ECFE        	    97M    beq    bad_sync_LR_low1194
                            	    98M .else
                            	    99M    bne    bad_sync_LR_low1194
                            	   100M .endif
00:000011AA 01C0110F        	   101M    mov    r1, r17
00:000011AE 1B40            	   102M    mov    r11, r1   #save in case of repeat
                            	   103M    IEC958_STATUS
                            	     1M 
                            	     2M     #byte 0 = 0x04   - bits 0-7,   bit 2 set   // consumer, PCM, no copyright, no pre-emphasis
                            	     3M     #byte 1 = 0x00   - bits 8-15                // category (general mode)
                            	     4M     #byte 2 = 0x00   - bits 16-23              // source number, take no account of channel number
                            	     5M     #byte 3 = 0x02   - bits 24-31  bit 25 set    // sampling frequency uchFS = 2 = 48000
                            	     6M     #byte 4 = 0xDB   - bits 32-39  0b1011 | (13 << 4) bits 1101 1011   bits 32, 33, 35, 36, 38, 39      // 24 bit sampl
                            	     7M 
00:000011B0 066A            	     8M     cmp    r6, 0
00:000011B2 A1C14F08        	     9M     oreq   r1, IEC958_B_FRAME_PREAMBLE
00:000011B6 46E928000000    	    10M     cmp r6, (IEC958_STATUS_BYTES * 8)
00:000011BC 191D            	    11M     bge    no_status_bytes252
00:000011BE 266A            	    12M     cmp   r6, 2
00:000011C0 46C1D930        	    13M     cmpne r6, 25
00:000011C4 01C25E08        	    14M     bseteq r1, 30
00:000011C8 C6E820000000    	    15M     sub   r6, 32
00:000011CE 066A            	    16M     cmp   r6, (32 - 32)
00:000011D0 46C1C130        	    17M     cmpne r6, (33 - 32)
00:000011D4 46C1C330        	    18M     cmpne r6, (35 - 32)
00:000011D8 46C1C430        	    19M     cmpne r6, (36 - 32)
00:000011DC 46C1C630        	    20M     cmpne r6, (38 - 32)
00:000011E0 46C1C730        	    21M     cmpne r6, (39 - 32)
00:000011E4 01C25E08        	    22M     bseteq r1, 30
00:000011E8 46E820000000    	    23M     add   r6, 32
                            	    24M no_status_bytes252:
00:000011EE 0860            	    25M     mov    r8, 0
00:000011F0 F16D            	    26M     btst   r1, 31  #test existing parity count
00:000011F2 08C0C140        	    27M     movne  r8, 1
00:000011F6 F173            	    28M     bclr   r1, 31
                            	    29M 
00:000011F8 016C            	    30M     btst   r1, 0
00:000011FA 48C0C140        	    31M     addne  r8, 1
00:000011FE 116C            	    32M     btst   r1, 1
00:00001200 48C0C140        	    33M     addne  r8, 1
00:00001204 216C            	    34M     btst   r1, 2
00:00001206 48C0C140        	    35M     addne  r8, 1
00:0000120A 316C            	    36M     btst   r1, 3
00:0000120C 48C0C140        	    37M     addne  r8, 1
00:00001210 C16D            	    38M     btst   r1, 28
00:00001212 48C0C140        	    39M     addne  r8, 1
00:00001216 D16D            	    40M     btst   r1, 29
00:00001218 48C0C140        	    41M     addne  r8, 1
00:0000121C E16D            	    42M     btst   r1, 30
00:0000121E 48C0C140        	    43M     addne  r8, 1
                            	    44M 
00:00001222 086C            	    45M     btst   r8, 0
00:00001224 01C2DF08        	    46M     bsetne r1, 31   # set parity bit as count is odd
                            	    47M 
00:00001228 11C0018F        	   104M    mov    r17, r1
                            	   105M    WAIT_HI_ONEGPIO_ONLY
                            	     1M .if ONEGPIO
                            	     2M    HI_BITCLK
                            	     1M waitBCHO254:
00:0000122C 4008            	     2M    ld     r0, (r4)
                            	     3M #   DELAY_NOP2
00:0000122E F06C            	     4M    btst   r0, CLOCK_BIT
00:00001230 7E18            	     5M    beq    waitBCHO254
                            	     3M .endif
                            	   106M 
                            	   107M    #capture second sample
                            	   108M    #LR clock has just gone low
00:00001232 8361            	   109M    mov    r3, 24
00:00001234 0160            	   110M    mov    r1, 0
00:00001236 0860            	   111M    mov    r8, 0 #parity count
                            	   112M secondloop194:
00:00001238 117C            	   113M    lsl    r1, 1
                            	   114M    WAIT_FOR_DATA_BIT
                            	     1M .if ONEGPIO
                            	     2M    LO_BITCLK
                            	     1M waitBCLO256:
00:0000123A 4008            	     2M    ld     r0, (r4)
                            	     3M #   DELAY_NOP2
00:0000123C F06C            	     4M    btst   r0, CLOCK_BIT
00:0000123E FE18            	     5M    bne    waitBCLO256
                            	     3M    HI_BITCLK_FOR_DATA_BIT
                            	     1M waitBCH257:
00:00001240 4008            	     2M    ld     r0, (r4)
                            	     3M #   DELAY_NOP2
00:00001242 F06C            	     4M    btst   r0, CLOCK_BIT
00:00001244 7E18            	     5M    beq    waitBCH257
00:00001246 4008            	     6M    ld     r0, (r4)     #second read for settle delay
00:00001248 F04C            	     7M    btst   r0, r15
                            	     8M 
                            	     4M .else
                            	     5M    WAIT_EDGE_FOR_DATA_BIT
                            	     6M .endif
                            	   115M .if ONEGPIO
00:0000124A 48C0C140        	   116M    addne  r8, 1  #parity count
00:0000124E A1C1C108        	   117M    orne   r1, 1
                            	   118M .else
                            	   119M    addeq  r8, 1  #parity count
                            	   120M    oreq   r1, 1
                            	   121M .endif
00:00001252 1366            	   122M    sub    r3, 1
00:00001254 036A            	   123M    cmp    r3, 0
00:00001256 F118            	   124M    bne    secondloop194
00:00001258 417C            	   125M    lsl    r1, 4
00:0000125A 086C            	   126M    btst   r8, 0
00:0000125C 01C2DF08        	   127M    bsetne r1, 31   # temp set parity bit if count is odd
00:00001260 18C001C7        	   128M    mov    r24, r1   #temp save
                            	   129M 
                            	   130M    WAIT_FOR_DATA_BIT
                            	     1M .if ONEGPIO
                            	     2M    LO_BITCLK
                            	     1M waitBCLO259:
00:00001264 4008            	     2M    ld     r0, (r4)
                            	     3M #   DELAY_NOP2
00:00001266 F06C            	     4M    btst   r0, CLOCK_BIT
00:00001268 FE18            	     5M    bne    waitBCLO259
                            	     3M    HI_BITCLK_FOR_DATA_BIT
                            	     1M waitBCH260:
00:0000126A 4008            	     2M    ld     r0, (r4)
                            	     3M #   DELAY_NOP2
00:0000126C F06C            	     4M    btst   r0, CLOCK_BIT
00:0000126E 7E18            	     5M    beq    waitBCH260
00:00001270 4008            	     6M    ld     r0, (r4)     #second read for settle delay
00:00001272 F04C            	     7M    btst   r0, r15
                            	     8M 
                            	     4M .else
                            	     5M    WAIT_EDGE_FOR_DATA_BIT
                            	     6M .endif
                            	   131M 
                            	   132M    CHECK_UNDERRUN
                            	     1M    # check for underrun
00:00001274 096B            	     2M    cmp    r9,0x10
00:00001276 00915400        	     3M    bne    not_empty261             #only check once per frame
00:0000127A F26D            	     4M    btst   r2, REPEAT_SAMPLE
00:0000127C 00915100        	     5M    bne    not_empty261          #repeat pending
                            	     6M 
00:00001280 95C143AF        	     7M    btst   r21, SMI_CTRL_BIT_DMA
00:00001284 1B18            	     8M    beq  not_dma_underrun261
                            	     9M 
00:00001286 A008            	    10M    ld     r0, (r10) #get dma pointer
00:00001288 C3C00D77        	    11M    sub    r3, r14, r13  #buffer size
00:0000128C 054A            	    12M    cmp    r5, r0
00:0000128E C1C0002D        	    13M    subge  r1, r5, r0
00:00001292 051D            	    14M    bge    got_offset_under261
00:00001294 C1C00507        	    15M    sub    r1, r0, r5
00:00001298 C1C0011F        	    16M    sub    r1, r3, r1
                            	    17M got_offset_under261:
00:0000129C 137A            	    18M    lsr    r3, 1
00:0000129E 3146            	    19M    sub    r1, r3
00:000012A0 21A21CA0        	    20M    st     r1, SMI_DMA_OFFSET(r20)
00:000012A4 61C1400F        	    21M    rsb    r1, 0
00:000012A8 41E990000000    	    22M    cmp    r1, MAX_DMA_DRIFT_ERROR
00:000012AE 301E            	    23M    bgt    repeat_empty261
00:000012B0 41E970000000    	    24M    cmp    r1, MAX_DMA_DRIFT
00:000012B6 071E            	    25M    bgt    empty261
00:000012B8 331F            	    26M    b      not_empty261
                            	    27M 
                            	    28M not_dma_underrun261:
00:000012BA 7008            	    29M    ld     r0, (r7)  #read MAI CTL
00:000012BC 206C            	    30M    btst   r0, HD_MAI_CTL_ERRORE
00:000012BE 9E18            	    31M    bne    repeat_empty_ERRORE261
00:000012C0 A06C            	    32M    btst   r0, HD_MAI_CTL_EMPTY
00:000012C2 2E18            	    33M    beq    not_empty261
                            	    34M empty261:
00:000012C4 95C142AF        	    35M    btst   r21, SMI_CTRL_BIT_PLL_1
00:000012C8 2318            	    36M    beq    repeat_empty261
00:000012CA 95C141AF        	    37M    btst   r21, SMI_CTRL_BIT_PLL_0
00:000012CE 0C18            	    38M    beq    use_slow_pll_empty261
                            	    39M 
                            	    40M #   mov    r0, r19
                            	    41M #   sub    r0, PLL_OFFSET_FAST
00:000012D0 D3E820000000    	    42M    sub    r19, PLL_OFFSET_FAST
00:000012D6 00C01307        	    43M    mov    r0, r19
00:000012DA A0E90000005A    	    44M    or     r0, CM_PASSWORD
00:000012E0 20A20090        	    45M    st     r0, (r18)
00:000012E4 1D1F            	    46M    b      not_empty261
                            	    47M 
                            	    48M use_slow_pll_empty261:
00:000012E6 D3C0429F        	    49M    sub    r19, PLL_OFFSET_SLOW
00:000012EA 00C01307        	    50M    mov    r0, r19
00:000012EE A0E90000005A    	    51M    or     r0, CM_PASSWORD
00:000012F4 20A20090        	    52M    st     r0, (r18)
00:000012F8 131F            	    53M    b      not_empty261
                            	    54M 
                            	    55M repeat_empty_ERRORE261:
00:000012FA 00E807820000    	    56M    mov    r0, (1 << HD_MAI_CTL_RST_MAI) | (1 << HD_MAI_CTL_ERRORF) | (1 << HD_MAI_CTL_ERRORE) | (1 << HD_MAI_CTL_DLATE)
00:00001300 7009            	    57M    st     r0, (r7)    #clear ERRORE
00:00001302 00E828300000    	    58M    mov    r0, (1 << HD_MAI_CTL_ENABLE) | (2 << HD_MAI_CTL_CHNUM) | (1 << HD_MAI_CTL_WHOLSMP) | (1 << HD_MAI_CTL_CHALIGN
00:00001308 7009            	    59M    st     r0, (r7)
00:0000130A FF9F16FA        	    60M    bl     SINGLE_WRITE_LEFT_RIGHT
                            	    61M repeat_empty261:
00:0000130E F271            	    62M    bset   r2, REPEAT_SAMPLE
00:00001310 57E800000100    	    63M    add    r23, 0x10000
00:00001316 57C25FBF        	    64M    bclr   r23, 31   #max 32767
00:0000131A 37A218A0        	    65M    st     r23, SMI_DROP_REPEAT_COUNT(r20)
                            	    66M not_empty261:
                            	    67M 
                            	   133M 
                            	   134M    WAIT_FOR_DATA_BIT
                            	     1M .if ONEGPIO
                            	     2M    LO_BITCLK
                            	     1M waitBCLO263:
00:0000131E 4008            	     2M    ld     r0, (r4)
                            	     3M #   DELAY_NOP2
00:00001320 F06C            	     4M    btst   r0, CLOCK_BIT
00:00001322 FE18            	     5M    bne    waitBCLO263
                            	     3M    HI_BITCLK_FOR_DATA_BIT
                            	     1M waitBCH264:
00:00001324 4008            	     2M    ld     r0, (r4)
                            	     3M #   DELAY_NOP2
00:00001326 F06C            	     4M    btst   r0, CLOCK_BIT
00:00001328 7E18            	     5M    beq    waitBCH264
00:0000132A 4008            	     6M    ld     r0, (r4)     #second read for settle delay
00:0000132C F04C            	     7M    btst   r0, r15
                            	     8M 
                            	     4M .else
                            	     5M    WAIT_EDGE_FOR_DATA_BIT
                            	     6M .endif
                            	   135M 
00:0000132E F26D            	   136M    btst   r2, REPEAT_SAMPLE
00:00001330 0418            	   137M    beq    no_repeat_main194
00:00001332 FF9F02FA        	   138M    bl     SINGLE_WRITE_LEFT_RIGHT
00:00001336 F273            	   139M    bclr   r2, REPEAT_SAMPLE
                            	   140M no_repeat_main194:
                            	   141M 
00:00001338 4360            	   142M    mov    r3, 4
                            	   143M secondremain194:
                            	   144M    WAIT_FOR_DATA_BIT
                            	     1M .if ONEGPIO
                            	     2M    LO_BITCLK
                            	     1M waitBCLO266:
00:0000133A 4008            	     2M    ld     r0, (r4)
                            	     3M #   DELAY_NOP2
00:0000133C F06C            	     4M    btst   r0, CLOCK_BIT
00:0000133E FE18            	     5M    bne    waitBCLO266
                            	     3M    HI_BITCLK_FOR_DATA_BIT
                            	     1M waitBCH267:
00:00001340 4008            	     2M    ld     r0, (r4)
                            	     3M #   DELAY_NOP2
00:00001342 F06C            	     4M    btst   r0, CLOCK_BIT
00:00001344 7E18            	     5M    beq    waitBCH267
00:00001346 4008            	     6M    ld     r0, (r4)     #second read for settle delay
00:00001348 F04C            	     7M    btst   r0, r15
                            	     8M 
                            	     4M .else
                            	     5M    WAIT_EDGE_FOR_DATA_BIT
                            	     6M .endif
00:0000134A 1366            	   145M    sub    r3, 1
00:0000134C 036A            	   146M    cmp    r3, 0
00:0000134E F618            	   147M    bne    secondremain194
                            	   148M 
00:00001350 01C0180F        	   149M    mov    r1, r24
                            	   150M    IEC958_STATUS
                            	     1M 
                            	     2M     #byte 0 = 0x04   - bits 0-7,   bit 2 set   // consumer, PCM, no copyright, no pre-emphasis
                            	     3M     #byte 1 = 0x00   - bits 8-15                // category (general mode)
                            	     4M     #byte 2 = 0x00   - bits 16-23              // source number, take no account of channel number
                            	     5M     #byte 3 = 0x02   - bits 24-31  bit 25 set    // sampling frequency uchFS = 2 = 48000
                            	     6M     #byte 4 = 0xDB   - bits 32-39  0b1011 | (13 << 4) bits 1101 1011   bits 32, 33, 35, 36, 38, 39      // 24 bit sampl
                            	     7M 
00:00001354 066A            	     8M     cmp    r6, 0
00:00001356 A1C14F08        	     9M     oreq   r1, IEC958_B_FRAME_PREAMBLE
00:0000135A 46E928000000    	    10M     cmp r6, (IEC958_STATUS_BYTES * 8)
00:00001360 191D            	    11M     bge    no_status_bytes268
00:00001362 266A            	    12M     cmp   r6, 2
00:00001364 46C1D930        	    13M     cmpne r6, 25
00:00001368 01C25E08        	    14M     bseteq r1, 30
00:0000136C C6E820000000    	    15M     sub   r6, 32
00:00001372 066A            	    16M     cmp   r6, (32 - 32)
00:00001374 46C1C130        	    17M     cmpne r6, (33 - 32)
00:00001378 46C1C330        	    18M     cmpne r6, (35 - 32)
00:0000137C 46C1C430        	    19M     cmpne r6, (36 - 32)
00:00001380 46C1C630        	    20M     cmpne r6, (38 - 32)
00:00001384 46C1C730        	    21M     cmpne r6, (39 - 32)
00:00001388 01C25E08        	    22M     bseteq r1, 30
00:0000138C 46E820000000    	    23M     add   r6, 32
                            	    24M no_status_bytes268:
00:00001392 0860            	    25M     mov    r8, 0
00:00001394 F16D            	    26M     btst   r1, 31  #test existing parity count
00:00001396 08C0C140        	    27M     movne  r8, 1
00:0000139A F173            	    28M     bclr   r1, 31
                            	    29M 
00:0000139C 016C            	    30M     btst   r1, 0
00:0000139E 48C0C140        	    31M     addne  r8, 1
00:000013A2 116C            	    32M     btst   r1, 1
00:000013A4 48C0C140        	    33M     addne  r8, 1
00:000013A8 216C            	    34M     btst   r1, 2
00:000013AA 48C0C140        	    35M     addne  r8, 1
00:000013AE 316C            	    36M     btst   r1, 3
00:000013B0 48C0C140        	    37M     addne  r8, 1
00:000013B4 C16D            	    38M     btst   r1, 28
00:000013B6 48C0C140        	    39M     addne  r8, 1
00:000013BA D16D            	    40M     btst   r1, 29
00:000013BC 48C0C140        	    41M     addne  r8, 1
00:000013C0 E16D            	    42M     btst   r1, 30
00:000013C2 48C0C140        	    43M     addne  r8, 1
                            	    44M 
00:000013C6 086C            	    45M     btst   r8, 0
00:000013C8 01C2DF08        	    46M     bsetne r1, 31   # set parity bit as count is odd
                            	    47M 
00:000013CC 00C01807        	   151M    mov    r0, r24
00:000013D0 18C001C7        	   152M    mov    r24, r1   #temp save
00:000013D4 0140            	   153M    mov    r1, r0
                            	   154M 
                            	   155M    WAIT_FOR_LR_BIT
                            	     1M .if ONEGPIO
                            	     2M    LO_BITCLK_FOR_LR_BIT
                            	     1M waitBCL270:
00:000013D6 4008            	     2M    ld     r0, (r4)
                            	     3M #   DELAY_NOP2
00:000013D8 F06C            	     4M    btst   r0, CLOCK_BIT
00:000013DA FE18            	     5M    bne    waitBCL270
00:000013DC 4008            	     6M    ld     r0, (r4)     #second read for settle delay
00:000013DE 80C11007        	     7M    btst   r0, r16
                            	     3M .else
                            	     4M    WAIT_EDGE_FOR_LR_BIT
                            	     5M .endif
                            	   156M .if ONEGPIO
00:000013E2 7F90F0FD        	   157M    beq    bad_sync_LR_low2194
                            	   158M .else
                            	   159M    bne    bad_sync_LR_low2194
                            	   160M .endif
                            	   161M 
                            	   162M    WAIT_HI_ONEGPIO_ONLY
                            	     1M .if ONEGPIO
                            	     2M    HI_BITCLK
                            	     1M waitBCHO272:
00:000013E6 4008            	     2M    ld     r0, (r4)
                            	     3M #   DELAY_NOP2
00:000013E8 F06C            	     4M    btst   r0, CLOCK_BIT
00:000013EA 7E18            	     5M    beq    waitBCHO272
                            	     3M .endif
                            	   163M 
                            	   164M    WAIT_FOR_LR_BIT
                            	     1M .if ONEGPIO
                            	     2M    LO_BITCLK_FOR_LR_BIT
                            	     1M waitBCL274:
00:000013EC 4008            	     2M    ld     r0, (r4)
                            	     3M #   DELAY_NOP2
00:000013EE F06C            	     4M    btst   r0, CLOCK_BIT
00:000013F0 FE18            	     5M    bne    waitBCL274
00:000013F2 4008            	     6M    ld     r0, (r4)     #second read for settle delay
00:000013F4 80C11007        	     7M    btst   r0, r16
                            	     3M .else
                            	     4M    WAIT_EDGE_FOR_LR_BIT
                            	     5M .endif
                            	   165M .if ONEGPIO
00:000013F8 7F910CFE        	   166M    bne    bad_sync_LR_high2194
                            	   167M .else
                            	   168M    beq    bad_sync_LR_high2194
                            	   169M .endif
00:000013FC 1C40            	   170M    mov    r12, r1   #save in case of repeat
                            	   171M    WAIT_HI_ONEGPIO_ONLY
                            	     1M .if ONEGPIO
                            	     2M    HI_BITCLK
                            	     1M waitBCHO276:
00:000013FE 4008            	     2M    ld     r0, (r4)
                            	     3M #   DELAY_NOP2
00:00001400 F06C            	     4M    btst   r0, CLOCK_BIT
00:00001402 7E18            	     5M    beq    waitBCHO276
                            	     3M .endif
                            	   172M 
00:00001404 E26D            	   173M    btst   r2, DROP_SAMPLE
00:00001406 42C2DE10        	   174M    bclrne r2, DROP_SAMPLE
00:0000140A 9D18            	   175M    bne    drop_main194
                            	   176M 
00:0000140C 95C145AF        	   177M    btst   r21, SMI_CTRL_BIT_MONO_RIGHT
00:00001410 01C09808        	   178M    movne  r1, r24
00:00001414 01C01108        	   179M    moveq  r1, r17
                            	   180M    WRITE
00:00001418 5109            	     1M     st     r1, (r5)
                            	     2M #increment buffer pointer
00:0000141A 4562            	     3M     add    r5, 4
00:0000141C E54A            	     4M     cmp    r5, r14
00:0000141E 05C00D2D        	     5M     movge  r5, r13
00:00001422 95C144AF        	   181M    btst   r21, SMI_CTRL_BIT_MONO_LEFT
00:00001426 01C09108        	   182M    movne  r1, r17
00:0000142A 01C01808        	   183M    moveq  r1, r24
                            	   184M    WRITE
00:0000142E 5109            	     1M     st     r1, (r5)
                            	     2M #increment buffer pointer
00:00001430 4562            	     3M     add    r5, 4
00:00001432 E54A            	     4M     cmp    r5, r14
00:00001434 05C00D2D        	     5M     movge  r5, r13
00:00001438 1662            	   185M    add    r6, 1
00:0000143A 46E9C0000000    	   186M    cmp    r6, IEC958_FRAMES_PER_BLOCK
00:00001440 06C04035        	   187M    movge  r6, 0
                            	   188M drop_main194:
00:00001444 026C            	   189M    btst   r2, REPEAT_22Khz
00:00001446 0318            	   190M    beq    no_repeat_sample_main194
00:00001448 FF9F77F9        	   191M    bl     SINGLE_WRITE_LEFT_RIGHT
                            	   192M no_repeat_sample_main194:
                            	   193M 
00:0000144C 1962            	   194M    add    r9, 1
00:0000144E 49E980010000    	   195M    cmp    r9, BUFFER_CHECK_COUNT
00:00001454 09C0404D        	   196M    movge  r9, 0
                            	   197M 
00:00001458 7F9EF8FD        	   198M    b      audio_main_loop194
                            	   199M 
                            	   200M 
                            	  1415: 
                            	  1416: 
                            	  1417: #   ei
                            	  1418: #   pop   r0-r18,pc


Symbols by name:
ALT_MUX_BIT                      S:0000000E
BUFFER_CHECK_COUNT               S:00000180
CLOCK_BIT                        S:0000000F
CM_PASSWORD                      S:5A000000
COMMAND_MASK                     S:00000FFF
DATA_BUFFER_0_offset             S:00000004
DATA_BUFFER_1_offset             S:00000008
DATA_BUFFER_2_offset             S:0000000C
DATA_BUFFER_3_offset             S:00000010
DATA_BUFFER_4_offset             S:00000014
DATA_BUFFER_5_offset             S:00000018
DATA_BUFFER_6_offset             S:0000001C
DEFAULT_BIT_STATE                S:00020001
DMA0POINTER                      S:7E00700C
DROP_SAMPLE                      S:0000001E
FINAL_BIT                        S:0000001F
GPLEV0                           S:7E200034
GPU_COMMAND                      S:7E0000A0
GPU_COMMAND_offset               S:00000000
GPU_DATA_BUFFER_5                S:7E0000BC
HD_MAI_CTL                       S:7E808014
HD_MAI_CTL_CHALIGN               S:0000000D
HD_MAI_CTL_CHNUM                 S:00000004
HD_MAI_CTL_DLATE                 S:0000000F
HD_MAI_CTL_EMPTY                 S:0000000A
HD_MAI_CTL_ENABLE                S:00000003
HD_MAI_CTL_ERRORE                S:00000002
HD_MAI_CTL_ERRORF                S:00000001
HD_MAI_CTL_FLUSH                 S:00000009
HD_MAI_CTL_FULL                  S:0000000B
HD_MAI_CTL_RST_MAI               S:00000000
HD_MAI_CTL_WHOLSMP               S:0000000C
HIGH_LATENCY_FLAG                S:0000000E
IC1_BASE                         S:7E002800
IC_MASK_BASE                     S:00000010
IEC958_B_FRAME_PREAMBLE          S:0000000F
IEC958_FRAMES_PER_BLOCK          S:000000C0
IEC958_STATUS_BYTES              S:00000005
INTERRUPTS                       S:00000000
LEADING_SYNC_FLAG                S:00000010
LOG_FRAME_ERROR                  S:00000019
MAX_DMA_DRIFT                    S:00000070
MAX_DMA_DRIFT_ERROR              S:00000090
MUX_BIT                          S:00000018
OLD_FIRMWARE_FLAG                S:0000000D
ONEGPIO                          S:00000001
PLLD_FRAC                        S:7E102240
PLL_OFFSET_FAST                  S:00000020
PLL_OFFSET_SLOW                  S:00000002
PSYNC_BIT                        S:00000011
REPEAT_22Khz                     S:00000000
REPEAT_SAMPLE                    S:0000001F
SIMPLE_SYNC_FLAG                 S:0000000F
SINGLE_WRITE_LEFT_RIGHT         00:00000736
SMI_BASE                         S:7E600010
SMI_BUFFER_END                   S:00000010
SMI_BUFFER_START                 S:0000000C
SMI_CTRL                         S:00000000
SMI_CTRL_BIT_DMA                 S:00000003
SMI_CTRL_BIT_MONO_LEFT           S:00000004
SMI_CTRL_BIT_MONO_RIGHT          S:00000005
SMI_CTRL_BIT_PLL_0               S:00000001
SMI_CTRL_BIT_PLL_1               S:00000002
SMI_CTRL_BIT_RUN                 S:00000000
SMI_DEFAULT_PLLDFRAC             S:00000008
SMI_DMA_OFFSET                   S:0000001C
SMI_DROP_REPEAT_COUNT            S:00000018
SMI_ERROR_COUNT                  S:00000014
SMI_STATUS                       S:00000004
SYNC_ABORT_FLAG                  S:0000001E
SYNC_BIT                         S:00000017
SYNC_CHECK_RATE                  S:000000C0
TERMINATE_FLAG                   S:0000001F
VIDEO_MASK                       S:00003FFC
abort_audio                     00:000008A0
audio_capture                   00:00000860
audio_main_loop117              00:00000A90
audio_main_loop194              00:00001048
bad_sync_LR_high1117            00:00000984
bad_sync_LR_high1194            00:00000F54
bad_sync_LR_high2117            00:00000A54
bad_sync_LR_high2194            00:00001010
bad_sync_LR_low1117             00:000009B2
bad_sync_LR_low1194             00:00000F7E
bad_sync_LR_low2117             00:000009FE
bad_sync_LR_low2194             00:00000FC2
capture_loop                    00:00000214
capture_rest                    00:00000208
code_start                      00:00000000
command_loop                    00:000008C0
do_capture                      00:000001DA
done_simple_sync                00:000001C0
dont_drop154                    00:00000B8E
dont_drop239                    00:00001132
drop_full154                    00:00000B8C
drop_full239                    00:00001130
drop_full_ERRORF154             00:00000B74
drop_full_ERRORF239             00:00001118
drop_main117                    00:00000F04
drop_main194                    00:00001444
edge_lead_both                  00:000000F4
edge_lead_neg                   00:00000142
edge_lead_pos                   00:00000142
edge_trail_both                 00:00000110
edge_trail_both_hi              00:00000128
edge_trail_neg                  00:0000016E
edge_trail_pos                  00:0000016E
empty176                        00:00000D5C
empty261                        00:000012C4
exit                            00:00000050
fill                            00:0000092E
firstloop117                    00:00000A9E
firstloop194                    00:00001056
firstremain117                  00:00000BC2
firstremain194                  00:0000115C
full154                         00:00000B3E
full239                         00:000010E2
got_offset_over154              00:00000B1A
got_offset_over239              00:000010BE
got_offset_under176             00:00000D34
got_offset_under261             00:0000129C
high_latency_capture_loop       00:000005CA
hl_capture                      00:000005BC
increment_error117              00:00000A8A
increment_error194              00:00001042
no_compensate_psync             00:000001D6
no_dma                          00:0000092A
no_repeat_main117               00:00000DDA
no_repeat_main194               00:00001338
no_repeat_sample127             00:000009AE
no_repeat_sample134             00:000009FA
no_repeat_sample135             00:00000A0A
no_repeat_sample142             00:00000A52
no_repeat_sample143             00:00000A60
no_repeat_sample147             00:00000A8A
no_repeat_sample207             00:00000F7A
no_repeat_sample216             00:00000FBE
no_repeat_sample217             00:00000FCE
no_repeat_sample226             00:0000100E
no_repeat_sample227             00:0000101C
no_repeat_sample232             00:00001042
no_repeat_sample_main117        00:00000F0C
no_repeat_sample_main194        00:0000144C
no_status_bytes112              00:00000780
no_status_bytes114              00:0000080E
no_status_bytes168              00:00000C78
no_status_bytes183              00:00000E3E
no_status_bytes252              00:000011EE
no_status_bytes268              00:00001392
not_dma_overrun154              00:00000B34
not_dma_overrun239              00:000010D8
not_dma_underrun176             00:00000D52
not_dma_underrun261             00:000012BA
not_empty176                    00:00000DB6
not_empty261                    00:0000131E
not_full154                     00:00000B9A
not_full239                     00:0000113E
not_gpio_read_benchmark         00:00000032
not_mbox_write_benchmark        00:00000054
ofw_capture                     00:000003A2
ofw_capture_rest                00:0000040C
ofw_wait_csync_hi_cpld          00:000003E8
ofw_wait_csync_lo_cpld          00:000003A2
old_firmware_capture_loop       00:00000412
one_gpio_capture                00:00000F1C
read_bench_loop                 00:00000026
repeat_empty176                 00:00000DA6
repeat_empty261                 00:0000130E
repeat_empty_ERRORE176          00:00000D92
repeat_empty_ERRORE261          00:000012FA
secondloop117                   00:00000CBC
secondloop194                   00:00001238
secondremain117                 00:00000DDC
secondremain194                 00:0000133A
skip_log117                     00:00000BF4
skip_log194                     00:00001184
skip_update117                  00:00000BC0
skip_update194                  00:0000115A
sleep                           00:000008CC
use_dma                         00:0000093C
use_slow_pll_empty176           00:00000D7E
use_slow_pll_empty261           00:000012E6
use_slow_pll_full154            00:00000B60
use_slow_pll_full239            00:00001104
vpu0                            00:00000016
vpu1                            00:00000860
waitBCH119                      00:00000944
waitBCH122                      00:00000962
waitBCH125                      00:00000984
waitBCH129                      00:000009B2
waitBCH132                      00:000009D0
waitBCH137                      00:00000A0A
waitBCH140                      00:00000A28
waitBCH145                      00:00000A60
waitBCH149                      00:00000AA0
waitBCH152                      00:00000AD4
waitBCH156                      00:00000B9A
waitBCH159                      00:00000BC2
waitBCH162                      00:00000BF4
waitBCH166                      00:00000C14
waitBCH171                      00:00000CBE
waitBCH174                      00:00000CF2
waitBCH178                      00:00000DB6
waitBCH181                      00:00000DDC
waitBCH185                      00:00000E82
waitBCH189                      00:00000EA2
waitBCH235                      00:0000105E
waitBCH238                      00:00001088
waitBCH242                      00:00001144
waitBCH245                      00:00001162
waitBCH257                      00:00001240
waitBCH260                      00:0000126A
waitBCH264                      00:00001324
waitBCH267                      00:00001340
waitBCHO196                     00:00000F1C
waitBCHO198                     00:00000F30
waitBCHO200                     00:00000F36
waitBCHO202                     00:00000F4A
waitBCHO204                     00:00000F54
waitBCHO206                     00:00000F68
waitBCHO209                     00:00000F7E
waitBCHO211                     00:00000F92
waitBCHO213                     00:00000F98
waitBCHO215                     00:00000FAC
waitBCHO219                     00:00000FCE
waitBCHO221                     00:00000FE2
waitBCHO223                     00:00000FE8
waitBCHO225                     00:00000FFC
waitBCHO229                     00:0000101C
waitBCHO231                     00:00001030
waitBCHO249                     00:00001194
waitBCHO254                     00:0000122C
waitBCHO272                     00:000013E6
waitBCHO276                     00:000013FE
waitBCL197                      00:00000F22
waitBCL201                      00:00000F3C
waitBCL205                      00:00000F5A
waitBCL210                      00:00000F84
waitBCL214                      00:00000F9E
waitBCL220                      00:00000FD4
waitBCL224                      00:00000FEE
waitBCL230                      00:00001022
waitBCL247                      00:00001184
waitBCL251                      00:0000119A
waitBCL270                      00:000013D6
waitBCL274                      00:000013EC
waitBCLO234                     00:00001058
waitBCLO237                     00:00001082
waitBCLO241                     00:0000113E
waitBCLO244                     00:0000115C
waitBCLO256                     00:0000123A
waitBCLO259                     00:00001264
waitBCLO263                     00:0000131E
waitBCLO266                     00:0000133A
waitLRCH118                     00:00000944
waitLRCH128                     00:000009B2
waitLRCH136                     00:00000A0A
waitLRCH2195                    00:00000F1C
waitLRCH2208                    00:00000F7E
waitLRCH2218                    00:00000FCE
waitLRCL121                     00:00000962
waitLRCL124                     00:00000984
waitLRCL131                     00:000009D0
waitLRCL139                     00:00000A28
waitLRCL144                     00:00000A60
waitLRCL2199                    00:00000F36
waitLRCL2203                    00:00000F54
waitLRCL2212                    00:00000F98
waitLRCL2222                    00:00000FE8
waitLRCL2228                    00:0000101C
waitPSE1                        00:000000F4
waitPSE11                       00:0000016E
waitPSE13                       00:00000180
waitPSE15                       00:00000198
waitPSE17                       00:000001AA
waitPSE19                       00:000001C4
waitPSE3                        00:00000110
waitPSE5                        00:00000128
waitPSE7                        00:00000142
waitPSE9                        00:00000154
wait_csync_hi                   00:00000198
wait_csync_hi_cpld              00:000001F6
wait_csync_lo                   00:0000016E
wait_csync_lo2                  00:00000142
wait_csync_lo_cpld              00:000001E0
wait_for_command                00:00000086
wait_for_command_loop           00:000000B4
wait_psync_hi102                00:000006AC
wait_psync_hi106                00:000006DE
wait_psync_hi110                00:00000710
wait_psync_hi25                 00:0000022C
wait_psync_hi29                 00:00000264
wait_psync_hi33                 00:0000029C
wait_psync_hi37                 00:000002D4
wait_psync_hi41                 00:0000030C
wait_psync_hi45                 00:00000344
wait_psync_hi49                 00:0000037E
wait_psync_hi58                 00:0000042C
wait_psync_hi62                 00:00000468
wait_psync_hi66                 00:000004A4
wait_psync_hi70                 00:000004E0
wait_psync_hi74                 00:0000051C
wait_psync_hi78                 00:00000558
wait_psync_hi82                 00:00000596
wait_psync_hi86                 00:000005E2
wait_psync_hi90                 00:00000614
wait_psync_hi94                 00:00000648
wait_psync_hi98                 00:0000067A
wait_psync_lo100                00:00000696
wait_psync_lo104                00:000006C8
wait_psync_lo108                00:000006FA
wait_psync_lo23                 00:00000214
wait_psync_lo27                 00:0000024C
wait_psync_lo31                 00:00000284
wait_psync_lo35                 00:000002BC
wait_psync_lo39                 00:000002F4
wait_psync_lo43                 00:0000032C
wait_psync_lo47                 00:00000364
wait_psync_lo56                 00:00000412
wait_psync_lo60                 00:0000044E
wait_psync_lo64                 00:0000048A
wait_psync_lo68                 00:000004C6
wait_psync_lo72                 00:00000502
wait_psync_lo76                 00:0000053E
wait_psync_lo80                 00:0000057A
wait_psync_lo84                 00:000005CA
wait_psync_lo88                 00:000005FE
wait_psync_lo92                 00:00000630
wait_psync_lo96                 00:00000664
write_bench_loop                00:00000044

Symbols by value:
00000000 GPU_COMMAND_offset
00000000 HD_MAI_CTL_RST_MAI
00000000 INTERRUPTS
00000000 REPEAT_22Khz
00000000 SMI_CTRL
00000000 SMI_CTRL_BIT_RUN
00000000 code_start
00000001 HD_MAI_CTL_ERRORF
00000001 ONEGPIO
00000001 SMI_CTRL_BIT_PLL_0
00000002 HD_MAI_CTL_ERRORE
00000002 PLL_OFFSET_SLOW
00000002 SMI_CTRL_BIT_PLL_1
00000003 HD_MAI_CTL_ENABLE
00000003 SMI_CTRL_BIT_DMA
00000004 DATA_BUFFER_0_offset
00000004 HD_MAI_CTL_CHNUM
00000004 SMI_CTRL_BIT_MONO_LEFT
00000004 SMI_STATUS
00000005 IEC958_STATUS_BYTES
00000005 SMI_CTRL_BIT_MONO_RIGHT
00000008 DATA_BUFFER_1_offset
00000008 SMI_DEFAULT_PLLDFRAC
00000009 HD_MAI_CTL_FLUSH
0000000A HD_MAI_CTL_EMPTY
0000000B HD_MAI_CTL_FULL
0000000C DATA_BUFFER_2_offset
0000000C HD_MAI_CTL_WHOLSMP
0000000C SMI_BUFFER_START
0000000D HD_MAI_CTL_CHALIGN
0000000D OLD_FIRMWARE_FLAG
0000000E ALT_MUX_BIT
0000000E HIGH_LATENCY_FLAG
0000000F CLOCK_BIT
0000000F HD_MAI_CTL_DLATE
0000000F IEC958_B_FRAME_PREAMBLE
0000000F SIMPLE_SYNC_FLAG
00000010 DATA_BUFFER_3_offset
00000010 IC_MASK_BASE
00000010 LEADING_SYNC_FLAG
00000010 SMI_BUFFER_END
00000011 PSYNC_BIT
00000014 DATA_BUFFER_4_offset
00000014 SMI_ERROR_COUNT
00000016 vpu0
00000017 SYNC_BIT
00000018 DATA_BUFFER_5_offset
00000018 MUX_BIT
00000018 SMI_DROP_REPEAT_COUNT
00000019 LOG_FRAME_ERROR
0000001C DATA_BUFFER_6_offset
0000001C SMI_DMA_OFFSET
0000001E DROP_SAMPLE
0000001E SYNC_ABORT_FLAG
0000001F FINAL_BIT
0000001F REPEAT_SAMPLE
0000001F TERMINATE_FLAG
00000020 PLL_OFFSET_FAST
00000026 read_bench_loop
00000032 not_gpio_read_benchmark
00000044 write_bench_loop
00000050 exit
00000054 not_mbox_write_benchmark
00000070 MAX_DMA_DRIFT
00000086 wait_for_command
00000090 MAX_DMA_DRIFT_ERROR
000000B4 wait_for_command_loop
000000C0 IEC958_FRAMES_PER_BLOCK
000000C0 SYNC_CHECK_RATE
000000F4 edge_lead_both
000000F4 waitPSE1
00000110 edge_trail_both
00000110 waitPSE3
00000128 edge_trail_both_hi
00000128 waitPSE5
00000142 edge_lead_neg
00000142 edge_lead_pos
00000142 waitPSE7
00000142 wait_csync_lo2
00000154 waitPSE9
0000016E edge_trail_neg
0000016E edge_trail_pos
0000016E waitPSE11
0000016E wait_csync_lo
00000180 BUFFER_CHECK_COUNT
00000180 waitPSE13
00000198 waitPSE15
00000198 wait_csync_hi
000001AA waitPSE17
000001C0 done_simple_sync
000001C4 waitPSE19
000001D6 no_compensate_psync
000001DA do_capture
000001E0 wait_csync_lo_cpld
000001F6 wait_csync_hi_cpld
00000208 capture_rest
00000214 capture_loop
00000214 wait_psync_lo23
0000022C wait_psync_hi25
0000024C wait_psync_lo27
00000264 wait_psync_hi29
00000284 wait_psync_lo31
0000029C wait_psync_hi33
000002BC wait_psync_lo35
000002D4 wait_psync_hi37
000002F4 wait_psync_lo39
0000030C wait_psync_hi41
0000032C wait_psync_lo43
00000344 wait_psync_hi45
00000364 wait_psync_lo47
0000037E wait_psync_hi49
000003A2 ofw_capture
000003A2 ofw_wait_csync_lo_cpld
000003E8 ofw_wait_csync_hi_cpld
0000040C ofw_capture_rest
00000412 old_firmware_capture_loop
00000412 wait_psync_lo56
0000042C wait_psync_hi58
0000044E wait_psync_lo60
00000468 wait_psync_hi62
0000048A wait_psync_lo64
000004A4 wait_psync_hi66
000004C6 wait_psync_lo68
000004E0 wait_psync_hi70
00000502 wait_psync_lo72
0000051C wait_psync_hi74
0000053E wait_psync_lo76
00000558 wait_psync_hi78
0000057A wait_psync_lo80
00000596 wait_psync_hi82
000005BC hl_capture
000005CA high_latency_capture_loop
000005CA wait_psync_lo84
000005E2 wait_psync_hi86
000005FE wait_psync_lo88
00000614 wait_psync_hi90
00000630 wait_psync_lo92
00000648 wait_psync_hi94
00000664 wait_psync_lo96
0000067A wait_psync_hi98
00000696 wait_psync_lo100
000006AC wait_psync_hi102
000006C8 wait_psync_lo104
000006DE wait_psync_hi106
000006FA wait_psync_lo108
00000710 wait_psync_hi110
00000736 SINGLE_WRITE_LEFT_RIGHT
00000780 no_status_bytes112
0000080E no_status_bytes114
00000860 audio_capture
00000860 vpu1
000008A0 abort_audio
000008C0 command_loop
000008CC sleep
0000092A no_dma
0000092E fill
0000093C use_dma
00000944 waitBCH119
00000944 waitLRCH118
00000962 waitBCH122
00000962 waitLRCL121
00000984 bad_sync_LR_high1117
00000984 waitBCH125
00000984 waitLRCL124
000009AE no_repeat_sample127
000009B2 bad_sync_LR_low1117
000009B2 waitBCH129
000009B2 waitLRCH128
000009D0 waitBCH132
000009D0 waitLRCL131
000009FA no_repeat_sample134
000009FE bad_sync_LR_low2117
00000A0A no_repeat_sample135
00000A0A waitBCH137
00000A0A waitLRCH136
00000A28 waitBCH140
00000A28 waitLRCL139
00000A52 no_repeat_sample142
00000A54 bad_sync_LR_high2117
00000A60 no_repeat_sample143
00000A60 waitBCH145
00000A60 waitLRCL144
00000A8A increment_error117
00000A8A no_repeat_sample147
00000A90 audio_main_loop117
00000A9E firstloop117
00000AA0 waitBCH149
00000AD4 waitBCH152
00000B1A got_offset_over154
00000B34 not_dma_overrun154
00000B3E full154
00000B60 use_slow_pll_full154
00000B74 drop_full_ERRORF154
00000B8C drop_full154
00000B8E dont_drop154
00000B9A not_full154
00000B9A waitBCH156
00000BC0 skip_update117
00000BC2 firstremain117
00000BC2 waitBCH159
00000BF4 skip_log117
00000BF4 waitBCH162
00000C14 waitBCH166
00000C78 no_status_bytes168
00000CBC secondloop117
00000CBE waitBCH171
00000CF2 waitBCH174
00000D34 got_offset_under176
00000D52 not_dma_underrun176
00000D5C empty176
00000D7E use_slow_pll_empty176
00000D92 repeat_empty_ERRORE176
00000DA6 repeat_empty176
00000DB6 not_empty176
00000DB6 waitBCH178
00000DDA no_repeat_main117
00000DDC secondremain117
00000DDC waitBCH181
00000E3E no_status_bytes183
00000E82 waitBCH185
00000EA2 waitBCH189
00000F04 drop_main117
00000F0C no_repeat_sample_main117
00000F1C one_gpio_capture
00000F1C waitBCHO196
00000F1C waitLRCH2195
00000F22 waitBCL197
00000F30 waitBCHO198
00000F36 waitBCHO200
00000F36 waitLRCL2199
00000F3C waitBCL201
00000F4A waitBCHO202
00000F54 bad_sync_LR_high1194
00000F54 waitBCHO204
00000F54 waitLRCL2203
00000F5A waitBCL205
00000F68 waitBCHO206
00000F7A no_repeat_sample207
00000F7E bad_sync_LR_low1194
00000F7E waitBCHO209
00000F7E waitLRCH2208
00000F84 waitBCL210
00000F92 waitBCHO211
00000F98 waitBCHO213
00000F98 waitLRCL2212
00000F9E waitBCL214
00000FAC waitBCHO215
00000FBE no_repeat_sample216
00000FC2 bad_sync_LR_low2194
00000FCE no_repeat_sample217
00000FCE waitBCHO219
00000FCE waitLRCH2218
00000FD4 waitBCL220
00000FE2 waitBCHO221
00000FE8 waitBCHO223
00000FE8 waitLRCL2222
00000FEE waitBCL224
00000FFC waitBCHO225
00000FFF COMMAND_MASK
0000100E no_repeat_sample226
00001010 bad_sync_LR_high2194
0000101C no_repeat_sample227
0000101C waitBCHO229
0000101C waitLRCL2228
00001022 waitBCL230
00001030 waitBCHO231
00001042 increment_error194
00001042 no_repeat_sample232
00001048 audio_main_loop194
00001056 firstloop194
00001058 waitBCLO234
0000105E waitBCH235
00001082 waitBCLO237
00001088 waitBCH238
000010BE got_offset_over239
000010D8 not_dma_overrun239
000010E2 full239
00001104 use_slow_pll_full239
00001118 drop_full_ERRORF239
00001130 drop_full239
00001132 dont_drop239
0000113E not_full239
0000113E waitBCLO241
00001144 waitBCH242
0000115A skip_update194
0000115C firstremain194
0000115C waitBCLO244
00001162 waitBCH245
00001184 skip_log194
00001184 waitBCL247
00001194 waitBCHO249
0000119A waitBCL251
000011EE no_status_bytes252
0000122C waitBCHO254
00001238 secondloop194
0000123A waitBCLO256
00001240 waitBCH257
00001264 waitBCLO259
0000126A waitBCH260
0000129C got_offset_under261
000012BA not_dma_underrun261
000012C4 empty261
000012E6 use_slow_pll_empty261
000012FA repeat_empty_ERRORE261
0000130E repeat_empty261
0000131E not_empty261
0000131E waitBCLO263
00001324 waitBCH264
00001338 no_repeat_main194
0000133A secondremain194
0000133A waitBCLO266
00001340 waitBCH267
00001392 no_status_bytes268
000013D6 waitBCL270
000013E6 waitBCHO272
000013EC waitBCL274
000013FE waitBCHO276
00001444 drop_main194
0000144C no_repeat_sample_main194
00003FFC VIDEO_MASK
00020001 DEFAULT_BIT_STATE
5A000000 CM_PASSWORD
7E0000A0 GPU_COMMAND
7E0000BC GPU_DATA_BUFFER_5
7E002800 IC1_BASE
7E00700C DMA0POINTER
7E102240 PLLD_FRAC
7E200034 GPLEV0
7E600010 SMI_BASE
7E808014 HD_MAI_CTL
